age,income,existing_debt,loan_amount,credit_history_years,num_late_payments,num_credit_lines,employment_years,debt_to_income,loan_to_income,default_risk
59,75795.13,21731.32,27062.01,16,1,10,9,0.287,0.357,0
49,44772.0,0.0,28002.47,21,1,14,17,0.0,0.625,0
35,52410.0,17521.67,15955.31,12,2,5,14,0.334,0.304,0
63,29426.51,3139.31,21655.0,11,1,13,32,0.107,0.736,0
28,24439.55,21084.42,26246.02,9,1,8,4,0.863,1.074,1
41,17125.19,22143.19,25113.24,0,3,11,36,1.293,1.466,1
59,32296.73,13280.52,20487.37,29,1,12,39,0.411,0.634,0
39,81051.24,13303.32,37191.03,7,0,5,21,0.164,0.459,0
43,18945.46,6936.37,26992.17,20,1,7,21,0.366,1.425,1
31,43929.28,1544.17,14591.85,21,4,6,21,0.035,0.332,0
31,24137.09,31980.93,14663.97,17,3,11,14,1.325,0.608,1
44,37980.52,6349.29,13302.96,1,1,7,16,0.167,0.35,0
56,53393.88,30677.96,27585.45,15,1,13,27,0.575,0.517,0
60,35997.68,6405.0,12527.03,11,2,9,21,0.178,0.348,0
44,71793.3,20251.9,14901.21,8,0,3,20,0.282,0.208,0
23,80679.56,3621.93,32696.27,2,1,10,16,0.045,0.405,0
42,10000.0,20233.95,22299.58,21,3,7,4,2.023,2.23,1
22,36340.15,11744.13,34382.39,25,0,13,17,0.323,0.946,1
44,51182.84,11874.84,29576.72,20,1,10,16,0.232,0.578,0
64,72522.34,21100.23,5879.94,29,3,3,3,0.291,0.081,0
50,40915.11,10308.59,18774.4,27,5,13,6,0.252,0.459,0
58,49601.29,718.52,31879.39,3,2,2,24,0.014,0.643,0
22,26865.12,22613.06,5333.89,25,1,12,36,0.842,0.199,0
41,19344.08,3540.99,25036.53,1,1,7,39,0.183,1.294,1
53,78907.69,20165.17,19529.16,7,0,4,39,0.256,0.247,0
32,13518.6,24729.97,1000.0,9,3,1,8,1.829,0.074,1
42,96572.38,11245.06,21435.91,15,1,6,18,0.116,0.222,0
64,64503.03,26823.53,9950.38,22,2,11,8,0.416,0.154,0
45,63599.46,19817.84,5988.18,10,2,6,22,0.312,0.094,0
47,61509.37,8041.39,20109.69,17,1,6,30,0.131,0.327,0
62,44946.29,29014.29,1000.0,21,2,2,31,0.646,0.022,0
48,57841.69,3583.28,11908.52,13,2,1,30,0.062,0.206,0
36,46222.07,11233.0,50614.09,7,1,3,16,0.243,1.095,1
35,61061.47,12936.85,27802.67,22,1,12,38,0.212,0.455,0
64,49326.27,21052.24,9422.9,14,2,14,21,0.427,0.191,0
23,30993.04,26154.33,36849.99,16,0,2,34,0.844,1.189,1
57,32588.55,25527.92,8095.48,20,0,6,29,0.783,0.248,0
27,30314.55,17237.48,13355.66,17,1,13,39,0.569,0.441,0
41,69418.01,12197.31,6213.78,5,0,12,36,0.176,0.09,0
29,37651.07,0.0,23072.96,22,2,6,25,0.0,0.613,0
59,11757.94,1858.54,36423.56,29,4,13,5,0.158,3.098,1
38,57936.77,32666.55,8011.93,13,2,5,33,0.564,0.138,0
24,80290.35,0.0,1000.0,22,4,10,31,0.0,0.012,0
45,65461.66,7155.09,33091.6,2,2,10,24,0.109,0.506,0
34,37933.53,26446.06,38645.61,6,6,5,12,0.697,1.019,1
29,18263.77,17097.13,1000.0,14,0,9,37,0.936,0.055,1
46,47314.64,24280.45,25520.65,20,1,14,37,0.513,0.539,0
22,46815.52,20428.28,22718.06,23,1,5,1,0.436,0.485,0
40,30616.01,29695.83,10550.3,27,4,13,4,0.97,0.345,1
48,61020.75,17954.27,3267.73,15,2,10,10,0.294,0.054,0
27,86932.53,21634.48,31901.0,15,2,6,10,0.249,0.367,0
64,54445.65,7757.53,22148.85,7,2,11,23,0.142,0.407,0
28,53209.52,20863.33,23053.12,6,1,4,13,0.392,0.433,0
55,31255.44,11038.74,12538.77,5,0,10,29,0.353,0.401,0
34,77948.29,10468.94,10377.09,1,1,14,39,0.134,0.133,0
37,48497.12,23947.24,1000.0,21,1,14,34,0.494,0.021,0
56,38420.73,24016.23,17263.66,12,2,1,20,0.625,0.449,1
60,51273.77,31884.42,37265.92,11,1,4,4,0.622,0.727,1
24,59439.23,31232.63,9316.95,14,4,2,37,0.525,0.157,1
22,52784.31,24173.15,1731.02,26,2,10,1,0.458,0.033,0
26,74123.07,0.0,25227.97,8,1,3,39,0.0,0.34,0
62,57679.43,33276.81,27440.96,1,0,7,36,0.577,0.476,0
24,44321.16,24179.68,12969.13,16,1,7,33,0.546,0.293,0
49,58023.84,7341.4,15814.83,26,3,1,10,0.127,0.273,0
38,59992.74,22289.09,23166.84,28,2,8,35,0.372,0.386,0
46,24072.48,4627.34,18133.41,4,2,7,10,0.192,0.753,1
64,72988.39,21186.3,32001.55,10,3,1,8,0.29,0.438,0
54,43981.92,1837.3,49246.91,21,1,8,5,0.042,1.12,1
30,44493.54,6917.82,1000.0,18,4,14,33,0.155,0.022,0
56,65027.52,22099.29,34757.06,23,4,14,36,0.34,0.534,0
34,64943.3,25728.87,21263.12,6,2,2,31,0.396,0.327,0
51,35983.37,18254.37,36658.41,1,3,8,11,0.507,1.019,1
35,66058.03,12138.31,28692.25,15,3,3,31,0.184,0.434,0
28,38791.04,0.0,20733.88,11,1,10,16,0.0,0.535,0
34,86391.46,12909.79,29120.28,22,2,7,3,0.149,0.337,0
43,33436.12,20334.85,15270.13,14,0,13,32,0.608,0.457,1
60,54789.55,11832.35,10708.38,0,1,6,8,0.216,0.195,0
41,34359.65,14774.22,29730.36,24,0,5,33,0.43,0.865,0
36,94453.91,13143.83,9868.06,12,0,11,38,0.139,0.104,0
38,25243.58,11782.94,27708.47,22,2,10,29,0.467,1.098,1
44,60487.25,15758.77,20368.97,5,1,14,19,0.261,0.337,0
46,35301.79,12273.05,1000.0,12,2,11,38,0.348,0.028,0
45,42917.85,29432.9,13107.41,17,1,2,22,0.686,0.305,0
61,59070.76,0.0,24018.06,2,3,2,34,0.0,0.407,0
49,74491.69,9541.57,15127.99,0,3,13,22,0.128,0.203,0
35,82467.93,6297.44,1000.0,14,2,12,38,0.076,0.012,0
21,19261.04,17191.11,35849.0,25,1,1,22,0.893,1.861,1
45,55355.02,15771.45,22032.5,12,1,14,36,0.285,0.398,0
27,79189.87,31221.93,25324.87,4,0,9,22,0.394,0.32,0
29,16293.78,34511.42,14320.69,24,0,11,38,2.118,0.879,1
44,56287.67,7269.17,26377.88,12,3,8,27,0.129,0.469,0
21,49958.32,15005.0,42017.84,21,3,8,18,0.3,0.841,0
64,58290.84,16963.04,11179.12,4,3,1,29,0.291,0.192,0
28,34553.92,7021.86,40004.15,27,0,5,20,0.203,1.158,0
44,21287.62,21283.82,24782.77,18,2,12,23,1.0,1.164,1
31,11737.87,12604.93,9566.81,20,1,6,20,1.074,0.815,1
37,69527.68,4323.65,46548.69,23,1,2,25,0.062,0.669,0
28,72080.98,12204.32,24699.68,27,3,10,35,0.169,0.343,0
55,56053.71,5023.25,28117.74,17,2,5,25,0.09,0.502,0
55,39317.03,25366.47,16767.77,20,2,6,32,0.645,0.426,0
53,17539.08,34015.59,10444.08,21,1,9,35,1.939,0.595,1
25,61266.91,17448.19,22013.76,9,2,10,3,0.285,0.359,0
62,27984.41,16112.77,38977.56,23,2,1,8,0.576,1.393,1
59,35774.03,16524.35,16284.08,7,0,13,7,0.462,0.455,1
61,38268.72,26822.34,19678.99,14,2,10,1,0.701,0.514,1
48,46049.3,26606.99,37475.94,20,1,3,28,0.578,0.814,1
27,34819.19,13843.46,16396.08,24,0,12,22,0.398,0.471,0
29,50669.18,17525.9,26123.32,19,3,9,5,0.346,0.516,0
28,37563.63,21526.46,30528.21,27,0,14,35,0.573,0.813,0
32,64027.46,3623.13,17638.63,24,1,1,20,0.057,0.275,0
54,70621.26,27126.08,23718.05,26,1,1,21,0.384,0.336,0
53,52170.85,32348.32,27933.23,22,1,1,8,0.62,0.535,1
43,59252.53,26650.32,15189.02,21,4,7,33,0.45,0.256,0
44,92357.12,2544.06,29789.18,3,1,13,25,0.028,0.323,0
57,26547.93,0.0,13436.17,1,1,5,0,0.0,0.506,1
55,25330.64,22087.19,11898.95,23,3,6,35,0.872,0.47,1
64,63899.96,7398.11,1675.51,5,2,13,4,0.116,0.026,0
60,88930.86,17871.33,13958.45,27,0,14,21,0.201,0.157,0
42,44790.03,30351.49,10213.97,2,0,8,3,0.678,0.228,1
47,84536.68,8430.45,15189.51,6,3,14,1,0.1,0.18,0
55,51928.67,11224.45,27343.91,9,1,13,15,0.216,0.527,0
21,36382.25,17767.23,1000.0,22,1,2,15,0.488,0.027,0
55,30186.15,2024.9,1000.0,5,0,13,21,0.067,0.033,0
57,62588.27,7421.44,11011.05,15,2,2,0,0.119,0.176,0
34,31700.82,15248.58,25534.77,1,2,3,14,0.481,0.805,1
23,51625.54,11995.45,23466.38,23,1,13,23,0.232,0.455,0
21,81669.3,21084.08,10819.25,16,3,3,3,0.258,0.132,0
25,43864.39,42659.8,34032.9,12,6,13,17,0.973,0.776,1
46,76280.19,15991.38,12099.08,0,1,3,16,0.21,0.159,0
34,25709.13,6582.88,25549.45,5,3,4,6,0.256,0.994,1
59,39321.82,29182.4,15646.56,4,0,3,9,0.742,0.398,1
47,21857.12,0.0,9574.68,24,1,2,0,0.0,0.438,0
29,51459.94,1110.92,12739.2,12,2,9,1,0.022,0.248,0
35,65601.56,9048.97,28808.0,27,0,6,21,0.138,0.439,0
35,51503.74,12171.13,24332.3,22,1,3,31,0.236,0.472,0
46,74541.0,8809.27,31617.23,17,2,9,28,0.118,0.424,0
62,35016.42,14684.88,24331.83,28,1,4,34,0.419,0.695,0
33,54506.86,17747.42,1000.0,11,1,4,16,0.326,0.018,0
52,39450.61,25689.6,45372.98,6,1,8,11,0.651,1.15,1
59,57233.53,15911.88,24502.03,14,0,7,23,0.278,0.428,0
52,60074.72,9380.54,26176.06,2,0,7,29,0.156,0.436,0
24,61647.92,25146.45,15477.95,15,3,10,29,0.408,0.251,0
50,28588.11,6822.85,33358.14,0,0,7,19,0.239,1.167,1
57,32205.08,0.0,6882.71,26,0,10,6,0.0,0.214,0
43,35914.25,27059.56,27317.95,15,3,11,37,0.753,0.761,1
59,45222.39,26418.53,1000.0,23,0,5,6,0.584,0.022,0
35,51743.73,7077.02,28126.5,29,2,7,29,0.137,0.544,0
63,64161.78,11009.01,7045.4,11,4,4,11,0.172,0.11,0
49,33038.03,5830.72,23323.93,18,1,8,30,0.176,0.706,0
56,17979.61,18266.24,36288.09,26,1,9,17,1.016,2.018,1
33,93114.86,32320.49,29872.61,7,3,13,1,0.347,0.321,0
52,27370.94,22028.82,34692.58,22,0,12,32,0.805,1.267,1
27,66726.47,25357.25,33450.18,11,3,3,10,0.38,0.501,1
42,50625.34,23197.28,13708.61,14,2,7,33,0.458,0.271,0
48,55026.11,14998.81,27179.96,1,2,12,15,0.273,0.494,0
22,49968.99,25833.4,1000.0,28,0,10,34,0.517,0.02,0
62,42303.16,22450.31,11756.76,29,1,9,32,0.531,0.278,0
26,59279.45,29394.46,36711.86,29,4,1,20,0.496,0.619,0
48,41228.26,10404.51,15379.56,16,1,2,19,0.252,0.373,0
48,73326.05,0.0,1000.0,6,0,7,7,0.0,0.014,0
64,61368.82,25452.51,44164.39,12,2,13,25,0.415,0.72,1
64,61991.88,18497.7,26747.0,0,1,2,32,0.298,0.431,0
40,39857.54,12039.54,29173.74,5,1,7,25,0.302,0.732,0
50,45272.91,12598.47,8234.37,12,3,1,36,0.278,0.182,0
31,26241.74,40546.86,23408.68,10,0,3,29,1.545,0.892,1
48,42939.68,8578.05,23090.9,9,4,5,30,0.2,0.538,1
45,29268.48,6466.97,10142.18,15,0,14,32,0.221,0.347,0
59,76261.37,15852.84,17962.16,26,2,12,10,0.208,0.236,0
53,51010.72,26804.91,1994.39,25,2,14,4,0.525,0.039,0
21,53409.94,37784.02,15839.49,23,0,11,1,0.707,0.297,1
47,45497.07,21573.65,31686.16,22,4,6,12,0.474,0.696,1
33,53951.58,2295.91,11037.82,19,0,13,17,0.043,0.205,0
61,99297.55,34708.64,42887.57,16,1,9,25,0.35,0.432,0
23,43997.19,14805.31,2766.9,16,2,9,24,0.337,0.063,0
59,36991.74,6622.91,16877.9,3,0,3,13,0.179,0.456,0
26,60593.86,4206.08,12122.84,4,1,14,4,0.069,0.2,0
28,10000.0,23363.29,17837.83,27,1,8,1,2.336,1.784,1
47,51279.14,17388.29,36457.7,22,1,13,3,0.339,0.711,1
29,42565.74,18450.75,8186.53,13,2,4,11,0.433,0.192,0
57,30153.73,27865.03,14584.75,19,1,7,10,0.924,0.484,1
53,60155.15,6978.45,27854.07,9,0,6,3,0.116,0.463,0
62,51079.77,28661.55,21117.91,13,0,8,8,0.561,0.413,1
64,13951.82,9808.43,22102.1,27,4,6,9,0.703,1.584,1
44,37069.41,36640.07,8416.68,0,1,4,26,0.988,0.227,1
35,10000.0,20987.39,19141.0,10,1,2,5,2.099,1.914,1
52,55865.39,5797.61,33578.94,25,1,7,14,0.104,0.601,0
52,55665.99,0.0,1000.0,22,1,11,30,0.0,0.018,0
44,34134.36,23089.25,11632.29,17,3,13,21,0.676,0.341,0
61,60802.25,11258.2,1000.0,15,0,11,5,0.185,0.016,0
32,24350.03,13444.34,26443.71,28,2,4,32,0.552,1.086,1
59,30669.66,22661.96,34705.65,26,2,13,28,0.739,1.132,1
22,58343.81,25104.14,17799.08,17,1,9,20,0.43,0.305,0
23,36226.66,27237.1,7933.76,7,3,9,29,0.752,0.219,1
57,48746.86,3251.59,8285.04,27,2,7,20,0.067,0.17,0
37,38727.02,29258.95,16435.31,9,1,5,35,0.756,0.424,1
22,41781.38,9209.55,16389.54,25,1,3,21,0.22,0.392,0
22,42655.52,0.0,30941.98,9,1,3,19,0.0,0.725,0
48,35864.86,3215.6,11973.49,4,2,9,21,0.09,0.334,0
43,56048.99,17180.25,25220.94,9,3,9,39,0.307,0.45,0
57,37441.43,5211.86,16334.36,17,1,12,10,0.139,0.436,0
52,50313.73,14119.56,11062.92,20,2,13,30,0.281,0.22,0
53,35425.37,18382.52,16035.49,23,2,11,39,0.519,0.453,1
21,19314.03,13186.15,24038.46,5,0,4,12,0.683,1.245,1
39,68248.7,10056.46,30979.2,2,3,11,17,0.147,0.454,0
22,59990.54,2493.04,16976.32,7,0,1,21,0.042,0.283,0
64,95773.64,15219.44,5552.74,29,1,13,16,0.159,0.058,0
46,29120.54,0.0,31996.58,8,1,10,37,0.0,1.099,0
52,45820.79,8140.02,9221.97,4,1,5,24,0.178,0.201,0
26,47429.85,5722.16,23129.88,28,2,14,31,0.121,0.488,0
52,69787.39,12606.23,19702.01,1,1,8,14,0.181,0.282,0
24,39857.84,12866.7,18097.16,1,5,10,12,0.323,0.454,1
31,26579.16,24599.57,14156.28,6,0,4,25,0.926,0.533,1
37,74156.19,30834.77,27441.79,16,1,10,10,0.416,0.37,0
58,43667.0,3822.21,1000.0,9,1,10,12,0.088,0.023,0
44,67572.87,34928.33,33637.65,11,1,4,32,0.517,0.498,0
25,65243.97,7207.04,9049.91,1,1,13,36,0.11,0.139,0
54,49402.19,16725.27,24895.48,9,2,12,37,0.339,0.504,0
26,46513.73,20108.63,24260.31,19,2,14,0,0.432,0.522,1
42,42168.7,39445.83,35299.73,0,1,9,38,0.935,0.837,1
31,49696.14,9577.18,22372.99,3,1,9,26,0.193,0.45,0
36,67262.0,0.0,10050.69,12,4,7,35,0.0,0.149,0
53,34071.2,29903.79,1000.0,11,2,10,31,0.878,0.029,1
29,52176.91,6666.26,15814.36,10,1,8,14,0.128,0.303,0
26,27627.37,11384.11,1000.0,28,1,12,30,0.412,0.036,0
36,30117.88,3822.5,12458.17,9,1,12,5,0.127,0.414,1
49,49381.22,11412.96,16488.43,14,0,4,24,0.231,0.334,0
23,10796.84,6596.08,11721.01,4,0,8,17,0.611,1.086,1
40,91211.17,21764.42,20501.28,24,3,14,21,0.239,0.225,0
56,26138.8,15807.92,17166.75,16,2,6,30,0.605,0.657,1
39,49198.23,8189.45,16067.76,27,1,13,35,0.166,0.327,0
46,73364.35,24958.72,1000.0,4,1,3,8,0.34,0.014,0
23,32741.89,17549.97,4463.54,1,1,7,2,0.536,0.136,1
39,10000.0,0.0,27711.88,8,3,3,32,0.0,2.771,1
40,41101.08,24197.03,29651.08,5,0,11,26,0.589,0.721,1
52,32503.59,16848.68,1000.0,17,1,7,0,0.518,0.031,0
27,10000.0,28907.32,10223.38,13,1,5,8,2.891,1.022,1
61,55697.8,16239.17,32863.58,18,0,4,4,0.292,0.59,0
53,54141.88,7082.91,11383.53,13,1,3,14,0.131,0.21,0
60,72846.53,12957.05,18662.11,7,0,8,8,0.178,0.256,0
59,27583.55,23039.19,37301.66,16,0,4,27,0.835,1.352,1
38,18017.27,7292.63,15661.07,27,0,8,12,0.405,0.869,0
60,41865.54,10597.03,13943.37,2,1,10,23,0.253,0.333,0
21,48233.15,12783.11,18115.56,28,2,3,9,0.265,0.376,0
31,68426.99,3506.28,42240.93,9,1,10,21,0.051,0.617,0
48,78211.36,7436.77,25354.42,16,1,13,38,0.095,0.324,0
45,74289.58,16725.5,20228.98,26,1,9,21,0.225,0.272,0
43,55530.87,27024.78,13707.68,10,1,6,36,0.487,0.247,0
51,65989.99,18171.47,26465.8,7,2,5,38,0.275,0.401,0
50,37190.13,14541.39,27916.4,0,2,5,19,0.391,0.751,1
62,53367.9,6687.29,7121.86,12,0,13,9,0.125,0.133,0
55,26174.2,25951.6,28239.54,20,3,3,9,0.991,1.079,1
27,51253.71,19335.05,18186.17,3,3,2,25,0.377,0.355,0
36,51772.93,7932.7,20297.58,6,0,6,24,0.153,0.392,0
46,84442.57,23986.48,9388.53,13,1,11,27,0.284,0.111,0
22,45420.34,20595.77,15200.22,4,4,1,12,0.453,0.335,1
21,51800.86,6864.7,7638.29,23,1,14,14,0.133,0.147,0
32,54739.23,13986.22,7061.38,27,1,7,5,0.256,0.129,0
25,40903.59,10072.27,24525.08,29,1,5,11,0.246,0.6,0
57,33950.15,41335.38,15738.6,10,1,4,18,1.218,0.464,1
52,75976.23,20317.45,4404.35,16,1,9,31,0.267,0.058,0
29,30381.65,16867.62,46124.63,4,1,10,10,0.555,1.518,1
61,23441.64,19726.63,6504.14,19,2,1,37,0.842,0.277,0
55,63605.31,28791.63,33105.24,2,1,11,32,0.453,0.52,0
39,73156.3,14166.2,2282.44,4,0,4,1,0.194,0.031,0
36,40971.81,9100.91,25478.03,25,1,3,14,0.222,0.622,0
23,41278.93,23442.83,16993.28,14,0,6,35,0.568,0.412,0
40,55650.87,13250.55,12451.32,18,0,5,4,0.238,0.224,0
44,35842.95,4301.05,22360.91,15,3,7,14,0.12,0.624,1
53,34365.75,2353.14,20747.12,7,1,13,9,0.068,0.604,0
44,67591.85,30292.97,10250.42,12,0,1,16,0.448,0.152,0
31,62142.62,16316.45,9707.13,15,1,13,33,0.263,0.156,0
28,76223.18,9104.33,1113.03,2,3,5,23,0.119,0.015,0
56,24948.22,12656.65,23666.77,0,2,14,9,0.507,0.949,1
58,39950.75,23074.45,4954.34,8,1,2,29,0.578,0.124,0
60,55623.59,12065.94,20047.7,8,1,2,2,0.217,0.36,0
40,31487.58,505.8,27109.74,21,1,11,36,0.016,0.861,0
55,62833.75,18258.41,22496.66,25,1,11,2,0.291,0.358,0
45,74492.54,27083.48,11322.42,16,2,2,39,0.364,0.152,0
55,38332.84,26414.64,30905.75,23,3,9,4,0.689,0.806,1
45,50771.84,9406.7,15104.34,1,2,10,27,0.185,0.297,0
49,79112.37,27691.73,3990.07,8,0,3,13,0.35,0.05,0
38,85985.43,17129.5,16595.27,29,1,4,38,0.199,0.193,0
38,64916.03,27411.47,27041.57,23,0,5,10,0.422,0.417,0
22,61868.58,20736.87,11907.03,18,2,14,7,0.335,0.192,0
55,32925.27,0.0,30538.19,12,3,4,36,0.0,0.928,1
36,57184.19,32467.39,10756.09,4,0,4,7,0.568,0.188,0
61,61136.42,15517.84,12389.44,8,0,5,11,0.254,0.203,0
56,45792.6,20767.94,7447.05,12,1,10,14,0.454,0.163,0
53,38104.47,1559.55,28204.51,0,2,9,18,0.041,0.74,0
24,24374.05,20053.27,19361.09,24,1,12,27,0.823,0.794,1
53,15245.4,26029.28,8242.86,14,2,9,6,1.707,0.541,1
34,11042.33,34353.2,15245.48,3,3,14,39,3.111,1.381,1
41,61588.85,29004.0,1000.0,3,1,14,6,0.471,0.016,0
40,52953.99,20542.25,29335.67,19,3,6,29,0.388,0.554,1
28,40323.78,0.0,17951.04,9,0,11,17,0.0,0.445,0
27,43370.87,16322.73,1000.0,27,0,12,23,0.376,0.023,0
23,54209.41,9074.9,2519.82,24,1,14,5,0.167,0.046,0
37,46708.74,17349.78,14940.87,29,0,3,3,0.371,0.32,0
53,23188.94,2836.74,4229.95,5,3,6,2,0.122,0.182,1
32,68260.0,12898.33,29520.19,26,2,10,5,0.189,0.432,0
42,56082.52,9828.17,25022.87,23,0,4,25,0.175,0.446,0
42,55317.97,9518.34,24314.43,11,2,3,37,0.172,0.44,0
50,66751.25,9617.64,1000.0,29,1,6,10,0.144,0.015,0
58,33727.09,13641.45,13694.5,19,0,11,28,0.404,0.406,0
58,74274.63,17861.95,11628.6,15,4,6,19,0.24,0.157,0
28,47199.14,0.0,8551.35,2,1,2,9,0.0,0.181,0
47,67771.98,0.0,15017.9,13,1,9,25,0.0,0.222,0
47,64688.98,11613.09,6485.14,0,0,8,26,0.18,0.1,0
54,29223.96,13022.31,22582.65,9,2,6,13,0.446,0.773,1
41,60058.01,16891.11,29198.62,14,1,1,35,0.281,0.486,0
50,56525.49,7723.28,28164.6,6,0,12,11,0.137,0.498,0
53,50606.23,15094.65,18345.06,3,3,2,22,0.298,0.363,1
48,48112.56,16265.23,43990.88,13,0,4,20,0.338,0.914,1
53,48282.14,7654.42,33679.7,23,3,7,7,0.159,0.698,0
25,66253.79,25134.56,18781.3,15,4,9,38,0.379,0.283,0
39,61558.21,16769.86,14212.73,13,3,10,8,0.272,0.231,0
24,50609.58,20469.61,36056.33,2,2,5,23,0.404,0.712,1
55,20161.28,15688.46,32090.97,16,0,10,30,0.778,1.592,1
37,59888.87,36036.73,3074.87,20,3,2,24,0.602,0.051,0
64,64472.27,20963.97,33029.86,13,1,13,16,0.325,0.512,0
48,96008.2,10120.07,18147.52,17,0,11,28,0.105,0.189,0
50,71508.66,23209.67,9669.06,2,3,11,2,0.325,0.135,0
49,12016.47,0.0,1000.0,29,1,11,20,0.0,0.083,0
26,51568.59,16196.0,16773.01,21,0,1,7,0.314,0.325,0
55,86227.5,18191.6,19853.27,18,4,10,13,0.211,0.23,0
61,62470.98,16310.21,39047.93,2,1,14,38,0.261,0.625,0
57,56573.04,11662.21,31486.81,11,0,13,15,0.206,0.557,0
44,68004.57,4877.27,13005.36,21,2,14,17,0.072,0.191,0
49,37552.44,7106.53,24672.11,4,0,1,30,0.189,0.657,0
51,59561.8,16020.75,29914.99,9,2,5,10,0.269,0.502,0
55,44990.64,3864.81,21031.49,8,1,14,37,0.086,0.467,0
53,49607.53,32701.68,12954.15,0,1,7,19,0.659,0.261,1
41,66569.09,0.0,13613.93,12,0,9,3,0.0,0.205,0
52,31465.74,11765.62,24625.68,2,3,9,19,0.374,0.783,1
43,75759.65,16103.9,24955.77,18,0,8,30,0.213,0.329,0
53,41543.76,20074.21,16484.54,10,1,1,19,0.483,0.397,0
23,55213.26,5840.75,1000.0,15,0,5,10,0.106,0.018,0
38,21989.84,26342.95,4513.73,5,2,6,0,1.198,0.205,1
45,64396.75,1061.69,27436.27,23,1,6,17,0.016,0.426,0
62,78930.08,9338.71,1000.0,2,1,4,38,0.118,0.013,0
51,39707.17,21207.48,34210.17,18,2,1,32,0.534,0.862,1
23,27795.53,25401.89,32433.89,5,3,3,35,0.914,1.167,1
60,55559.66,959.99,20493.16,7,1,10,17,0.017,0.369,0
44,79096.21,41450.37,27175.17,21,5,4,30,0.524,0.344,0
52,21002.87,6025.08,26345.3,12,2,4,34,0.287,1.254,1
42,27873.84,1878.18,18597.52,11,1,13,38,0.067,0.667,0
43,40916.21,20027.15,3513.33,29,0,4,37,0.489,0.086,0
22,33593.12,11517.07,31607.28,9,2,14,14,0.343,0.941,1
47,33656.29,10039.48,36886.76,2,3,5,5,0.298,1.096,1
62,10000.0,20956.44,5496.91,3,4,13,7,2.096,0.55,1
22,61781.14,0.0,3064.94,0,1,11,39,0.0,0.05,0
46,56774.41,0.0,18358.44,12,1,9,21,0.0,0.323,0
37,16023.02,9025.77,12485.3,23,1,4,0,0.563,0.779,1
60,79143.92,25779.02,21739.39,3,0,9,12,0.326,0.275,0
53,83621.85,9459.45,34495.93,21,1,9,23,0.113,0.413,0
29,34981.89,30991.57,1000.0,10,3,1,20,0.886,0.029,1
63,73330.97,27010.15,38975.26,18,1,5,3,0.368,0.531,0
59,38540.04,17829.46,15119.98,10,1,9,6,0.463,0.392,0
49,53622.33,18397.24,26141.35,11,3,4,11,0.343,0.488,1
62,33284.76,17820.03,27424.71,10,1,5,12,0.535,0.824,1
46,94285.03,16597.18,28824.09,5,1,4,15,0.176,0.306,0
55,44079.66,11337.58,20742.9,11,1,13,5,0.257,0.471,0
45,52528.98,12498.12,23546.73,26,4,2,13,0.238,0.448,0
44,36241.25,4300.4,23468.26,8,4,10,30,0.119,0.648,1
33,87226.31,0.0,12436.61,24,0,2,35,0.0,0.143,0
27,87732.29,26040.71,1000.0,9,1,2,36,0.297,0.011,0
56,82618.58,16572.58,5369.77,2,3,13,34,0.201,0.065,0
40,69128.81,15062.11,18749.14,2,1,1,9,0.218,0.271,0
21,37504.21,18984.49,10558.32,19,1,3,16,0.506,0.282,1
28,66557.0,6716.03,10586.05,27,2,14,29,0.101,0.159,0
36,49859.14,4989.38,41591.01,22,1,11,6,0.1,0.834,0
34,76248.17,12163.15,30306.74,15,1,10,17,0.16,0.397,0
32,72318.04,28680.98,16975.09,2,1,1,18,0.397,0.235,0
43,37014.69,3312.59,28064.42,9,1,4,14,0.089,0.758,0
35,68956.52,0.0,14956.78,23,2,1,38,0.0,0.217,0
48,63640.69,9785.99,21328.68,10,2,4,21,0.154,0.335,0
54,10000.0,26427.0,25299.54,7,0,3,38,2.643,2.53,1
22,66018.73,0.0,14988.73,5,1,9,29,0.0,0.227,0
52,41364.08,3197.16,11776.99,19,0,1,19,0.077,0.285,0
43,32279.15,17635.47,34687.18,10,1,14,31,0.546,1.075,1
42,33134.79,40699.07,27369.36,27,1,8,24,1.228,0.826,1
45,47295.14,1417.88,1000.0,26,2,11,22,0.03,0.021,0
42,59601.19,1030.66,11982.37,20,0,9,4,0.017,0.201,0
42,22690.76,18386.98,10624.73,11,2,12,29,0.81,0.468,1
62,53796.96,27046.74,12546.34,15,2,7,38,0.503,0.233,0
26,61535.16,8759.01,30348.83,17,4,1,26,0.142,0.493,0
35,87236.12,0.0,20230.47,12,2,4,36,0.0,0.232,0
63,28466.2,19337.49,3324.44,21,1,10,6,0.679,0.117,0
57,43007.76,21148.41,15401.42,2,0,1,4,0.492,0.358,1
53,55233.26,32786.55,26500.85,14,1,4,14,0.594,0.48,1
28,72948.19,21569.47,17364.26,21,1,3,7,0.296,0.238,0
64,43915.52,23280.66,12263.89,27,1,2,8,0.53,0.279,0
64,73972.83,12378.55,23974.63,20,0,1,10,0.167,0.324,0
25,11252.75,39415.04,39418.31,13,1,6,21,3.503,3.503,1
59,24933.04,11018.58,25537.1,17,1,12,33,0.442,1.024,1
24,56972.89,8880.78,35611.3,27,4,7,34,0.156,0.625,0
26,21783.51,33095.15,13068.63,28,2,6,12,1.519,0.6,1
52,26510.59,257.63,19899.65,13,0,9,10,0.01,0.751,0
50,39444.46,0.0,19657.38,4,0,12,31,0.0,0.498,0
55,65428.78,16195.57,21424.15,20,2,9,14,0.248,0.327,0
60,12080.7,14982.63,25286.24,13,1,2,37,1.24,2.093,1
36,53405.97,12721.12,8972.37,24,1,2,0,0.238,0.168,0
33,70659.28,24939.3,27767.99,26,4,9,23,0.353,0.393,0
62,46101.1,5917.94,1000.0,7,0,1,39,0.128,0.022,0
50,42623.4,15641.67,3970.92,27,3,5,21,0.367,0.093,0
39,58035.43,11398.94,45627.51,27,0,1,2,0.196,0.786,0
37,46157.78,6087.81,13878.55,22,1,7,13,0.132,0.301,0
39,77810.0,14381.6,28754.23,14,0,9,1,0.185,0.37,0
48,27771.74,23525.96,40379.48,27,2,6,31,0.847,1.454,1
46,48967.12,36205.68,1000.0,28,2,14,37,0.739,0.02,0
57,54113.73,20794.19,33514.95,14,2,2,32,0.384,0.619,0
46,42430.92,0.0,27787.32,29,3,6,5,0.0,0.655,0
43,10000.0,14618.6,39684.77,18,4,9,38,1.462,3.968,1
29,46781.9,15498.03,5821.72,25,3,3,24,0.331,0.124,0
32,68003.54,24362.09,37415.06,19,4,9,33,0.358,0.55,0
21,65562.18,16848.1,11127.03,5,5,8,10,0.257,0.17,0
21,57095.57,27530.89,32657.33,18,1,13,36,0.482,0.572,0
54,28042.75,18916.71,19567.75,26,2,12,6,0.675,0.698,1
52,57906.19,30587.98,29249.23,24,0,7,21,0.528,0.505,0
45,38531.24,10612.54,20586.43,7,0,8,38,0.275,0.534,0
60,57069.66,16443.43,1000.0,5,0,10,9,0.288,0.018,0
21,52430.1,23266.42,1000.0,19,0,6,20,0.444,0.019,0
36,30472.49,9278.06,22518.99,22,1,3,5,0.304,0.739,1
59,32150.88,7099.87,16835.18,28,0,7,0,0.221,0.524,0
25,57100.45,8706.48,24778.65,14,0,4,33,0.152,0.434,0
42,45577.74,7507.84,16974.16,26,2,11,13,0.165,0.372,0
49,33194.37,20225.62,44216.93,2,2,10,35,0.609,1.332,1
23,31543.4,0.0,22766.45,9,1,14,26,0.0,0.722,0
32,43923.38,0.0,14636.63,14,1,5,8,0.0,0.333,0
46,81362.1,33627.46,24048.36,23,1,8,5,0.413,0.296,0
36,39478.44,7749.03,14855.9,15,2,7,30,0.196,0.376,0
57,49719.61,17000.15,21115.16,16,1,7,16,0.342,0.425,0
42,52032.89,108.54,5390.24,18,1,8,35,0.002,0.104,0
49,27379.47,15941.24,19896.98,10,0,10,20,0.582,0.727,1
34,14743.35,7809.93,14265.77,15,2,3,26,0.53,0.968,1
48,29467.19,0.0,6527.16,4,0,3,27,0.0,0.222,0
25,54941.55,28369.2,43708.83,4,1,2,15,0.516,0.796,1
50,51746.62,26825.66,6995.18,25,1,1,34,0.518,0.135,0
25,64048.13,13926.45,20083.57,13,1,10,35,0.217,0.314,0
32,51935.0,24994.19,10366.3,17,0,6,34,0.481,0.2,0
36,47809.01,34032.93,23564.47,25,1,6,18,0.712,0.493,0
46,37919.75,22540.76,4707.38,7,2,13,20,0.594,0.124,0
46,67692.14,19796.8,30084.28,4,1,10,32,0.292,0.444,0
41,31616.4,16989.5,44433.87,6,4,12,22,0.537,1.405,1
59,27792.01,21494.97,9925.53,15,1,8,5,0.773,0.357,1
56,61341.11,11360.81,34603.63,22,1,14,31,0.185,0.564,0
53,23336.85,12233.64,15417.45,13,3,6,21,0.524,0.661,1
50,98295.82,19508.91,38069.49,4,3,6,2,0.198,0.387,0
57,51599.87,10261.35,46261.99,23,1,1,34,0.199,0.897,0
43,56958.12,11342.0,17195.54,8,1,12,15,0.199,0.302,0
30,33831.6,15001.87,1756.81,3,0,7,24,0.443,0.052,0
25,43694.7,26506.08,31377.01,3,2,7,16,0.607,0.718,1
56,41464.86,3673.36,22693.01,15,0,10,38,0.089,0.547,0
54,39163.3,22591.79,26021.49,23,2,9,12,0.577,0.664,1
51,62659.24,22917.96,15921.86,16,0,14,27,0.366,0.254,0
30,41008.48,22858.12,9386.09,14,0,12,10,0.557,0.229,0
39,70350.02,6932.54,33924.18,3,2,7,9,0.099,0.482,0
52,103263.65,0.0,23837.48,5,1,8,38,0.0,0.231,0
21,44089.18,20597.0,2677.32,15,2,4,23,0.467,0.061,0
25,53046.31,16875.39,28242.5,28,2,9,37,0.318,0.532,0
24,57589.64,25043.77,25834.02,3,2,14,23,0.435,0.449,0
36,86230.1,7994.63,16096.41,5,3,1,32,0.093,0.187,0
44,48347.04,22601.18,39437.76,4,1,8,16,0.467,0.816,1
36,33419.66,25544.12,12581.92,15,2,3,35,0.764,0.376,0
22,24673.19,14046.9,17972.16,29,2,14,34,0.569,0.728,1
48,48840.32,19169.3,29223.78,24,1,1,5,0.392,0.598,0
52,41032.4,18819.66,20921.16,15,2,2,15,0.459,0.51,0
47,90200.19,6785.3,3386.92,9,1,6,27,0.075,0.038,0
40,85397.25,20310.97,22205.59,8,3,5,31,0.238,0.26,0
44,29312.54,31224.98,15027.32,3,2,14,25,1.065,0.513,1
32,35784.8,15222.04,30283.95,28,2,3,10,0.425,0.846,1
55,51475.4,390.75,21814.62,13,2,9,24,0.008,0.424,0
53,77944.53,8127.73,21134.09,3,1,8,30,0.104,0.271,0
53,51140.26,0.0,7420.99,11,0,13,20,0.0,0.145,0
63,37055.19,27902.61,17239.7,23,1,3,2,0.753,0.465,1
57,48822.36,22641.05,31641.21,9,4,2,11,0.464,0.648,1
32,37430.3,9986.31,10681.56,3,1,8,39,0.267,0.285,0
23,62049.54,819.4,19609.4,17,1,14,24,0.013,0.316,0
21,35819.33,6667.05,8762.65,12,1,5,16,0.186,0.245,0
53,39791.28,8617.23,5793.89,12,0,9,37,0.217,0.146,0
60,73238.68,16094.08,18981.69,13,0,1,35,0.22,0.259,0
30,34632.7,15757.59,22085.61,17,3,10,35,0.455,0.638,0
63,21077.44,28414.32,43926.36,0,0,3,18,1.348,2.084,1
64,51899.88,8072.45,14534.48,20,1,5,1,0.156,0.28,0
49,42790.53,0.0,19397.97,15,1,2,16,0.0,0.453,0
33,60228.31,3430.22,4999.12,14,2,3,29,0.057,0.083,0
32,56349.44,14769.75,27346.88,21,1,4,9,0.262,0.485,0
51,49361.63,7713.22,24777.14,24,2,4,34,0.156,0.502,0
22,48779.13,12079.91,37860.74,4,1,11,35,0.248,0.776,1
55,35282.83,10459.66,33339.47,28,0,9,32,0.296,0.945,0
43,51666.94,24902.38,24216.88,5,0,1,0,0.482,0.469,0
37,67625.7,9130.34,14359.14,5,2,12,17,0.135,0.212,0
46,30531.07,11226.58,22456.02,2,3,9,3,0.368,0.736,1
28,49892.05,22172.84,18667.84,15,2,9,26,0.444,0.374,0
49,70767.78,9350.18,31440.77,11,0,11,24,0.132,0.444,0
46,60108.48,19232.12,29914.78,3,0,6,27,0.32,0.498,0
30,76189.46,18314.85,16443.01,0,3,11,21,0.24,0.216,0
46,38637.15,16417.66,2456.07,3,3,1,24,0.425,0.064,0
54,13384.63,3656.04,36000.65,0,1,11,16,0.273,2.69,1
61,54013.04,27297.74,26982.49,20,2,13,11,0.505,0.5,1
27,57251.42,37206.84,16166.12,26,1,12,15,0.65,0.282,0
24,77368.44,15088.28,26514.48,26,1,6,36,0.195,0.343,0
31,73762.91,4536.45,20898.34,7,2,8,15,0.062,0.283,0
49,60734.87,15291.03,35823.42,23,2,5,16,0.252,0.59,0
56,65307.8,24898.6,1000.0,4,4,5,30,0.381,0.015,0
45,46163.57,8848.12,15233.71,29,3,1,14,0.192,0.33,0
41,25617.71,13711.01,39188.65,25,2,1,12,0.535,1.53,1
56,52354.42,18406.54,26758.38,1,1,8,39,0.352,0.511,1
30,69651.47,27030.48,41271.28,11,3,13,26,0.388,0.593,0
57,63127.22,22754.24,5338.31,21,0,5,20,0.36,0.085,0
29,66676.15,23168.68,32866.36,16,3,8,1,0.347,0.493,0
44,41444.89,10737.31,32146.69,6,1,10,7,0.259,0.776,1
55,44689.06,19019.19,1000.0,10,0,2,6,0.426,0.022,0
55,59668.51,7780.37,16453.97,3,2,4,9,0.13,0.276,0
56,39069.85,23455.26,18721.65,4,1,13,3,0.6,0.479,1
38,39685.66,26512.2,1000.0,5,0,11,35,0.668,0.025,0
59,55959.64,20533.64,16704.77,10,0,14,34,0.367,0.299,0
52,65218.09,11325.89,30478.2,0,1,10,2,0.174,0.467,1
44,46009.43,12962.73,15308.92,24,1,9,17,0.282,0.333,0
43,26736.21,33065.16,22905.6,9,1,13,23,1.237,0.857,1
52,35283.92,11492.9,22992.44,19,3,3,31,0.326,0.652,1
57,54073.44,25499.94,19854.28,23,1,6,33,0.472,0.367,0
32,53830.42,18388.92,11537.82,20,0,11,1,0.342,0.214,0
33,54824.76,11658.64,27905.77,10,2,7,1,0.213,0.509,1
43,60425.91,1553.51,1000.0,23,3,3,9,0.026,0.017,0
45,50116.21,17116.0,20103.06,16,1,1,22,0.342,0.401,0
55,55301.12,15911.01,36625.84,7,3,2,14,0.288,0.662,0
61,49099.46,33065.35,14631.52,26,1,11,11,0.673,0.298,1
50,72974.67,6398.07,11272.15,12,3,14,16,0.088,0.154,0
37,78646.84,37947.69,28706.19,26,1,10,17,0.483,0.365,0
40,26219.77,18788.11,21961.18,19,4,7,13,0.717,0.838,1
45,44894.96,18778.29,28945.37,17,2,7,16,0.418,0.645,1
42,50654.49,9069.28,20461.98,26,2,12,14,0.179,0.404,0
33,44661.71,18147.06,1000.0,21,3,1,11,0.406,0.022,0
39,85858.45,19730.51,34158.96,15,1,10,15,0.23,0.398,0
56,54479.11,24373.27,44840.32,1,1,7,31,0.447,0.823,1
32,33892.56,5216.78,35408.49,4,1,10,22,0.154,1.045,1
61,61928.85,29067.81,1000.0,17,3,11,37,0.469,0.016,0
39,55419.49,18614.16,25413.06,2,1,6,33,0.336,0.459,0
32,56083.86,21082.29,14399.05,26,1,11,33,0.376,0.257,0
29,86157.52,12790.58,6989.07,21,4,6,15,0.148,0.081,0
27,57015.7,5718.57,21472.79,16,1,7,33,0.1,0.377,0
48,43926.77,15727.25,18212.63,15,0,7,39,0.358,0.415,0
34,10894.47,16872.96,26103.89,5,2,1,6,1.549,2.396,1
51,46692.02,1145.72,20678.96,18,2,10,32,0.025,0.443,0
39,76119.4,22932.85,6550.25,6,3,5,3,0.301,0.086,0
36,48176.62,24965.25,13080.78,17,1,14,6,0.518,0.272,0
25,10000.0,7703.35,11144.5,13,2,14,17,0.77,1.114,1
55,40032.75,4774.15,1000.0,5,1,8,3,0.119,0.025,0
32,69853.77,11970.39,3540.26,7,1,8,10,0.171,0.051,0
45,60916.34,15238.95,17467.18,14,1,3,19,0.25,0.287,0
41,33202.38,12358.29,37085.05,14,1,3,10,0.372,1.117,1
56,38694.3,14390.82,13573.32,14,2,7,14,0.372,0.351,1
43,41785.83,17214.78,10910.83,15,2,4,16,0.412,0.261,0
36,36745.72,1317.31,5824.56,0,1,6,33,0.036,0.159,0
59,10000.0,2467.04,20366.44,10,2,9,11,0.247,2.037,1
62,65271.82,0.0,34151.11,26,3,10,27,0.0,0.523,0
59,75141.2,24425.45,44032.19,28,0,2,34,0.325,0.586,0
34,19631.02,15152.27,23424.79,24,1,2,7,0.772,1.193,1
51,74877.06,25478.51,21679.92,4,0,6,26,0.34,0.29,0
25,47939.54,3622.62,13478.32,4,3,3,21,0.076,0.281,0
55,74502.65,15244.07,15481.2,28,5,1,23,0.205,0.208,0
43,50759.01,17148.27,27550.1,27,0,2,1,0.338,0.543,0
49,52710.89,9382.18,16221.5,20,2,14,30,0.178,0.308,0
63,57448.69,0.0,18052.61,5,0,13,21,0.0,0.314,0
31,34198.67,32458.71,19695.83,1,3,7,0,0.949,0.576,1
38,73893.48,28992.83,12910.06,5,2,4,13,0.392,0.175,0
32,27572.39,11180.68,19100.25,13,0,12,24,0.406,0.693,1
29,41958.67,20102.28,1000.0,10,3,2,35,0.479,0.024,0
30,60485.29,10152.09,26586.03,3,0,11,35,0.168,0.44,0
64,39816.1,5045.96,48221.26,23,2,12,2,0.127,1.211,1
37,65550.62,33272.62,13375.48,28,0,12,4,0.508,0.204,0
58,77517.32,0.0,24486.05,26,4,8,0,0.0,0.316,0
27,70250.92,12144.96,30218.92,24,3,4,18,0.173,0.43,0
33,11277.69,15843.24,35362.58,8,1,4,32,1.405,3.136,1
60,52516.94,31512.37,16828.14,23,1,2,29,0.6,0.32,0
62,70573.65,23965.89,1000.0,2,1,14,11,0.34,0.014,0
29,23665.02,0.0,23206.78,25,0,1,9,0.0,0.981,1
47,64472.21,14972.5,21543.54,15,0,1,33,0.232,0.334,0
22,63349.22,15210.6,15852.0,10,2,3,15,0.24,0.25,0
25,25758.2,12716.62,18397.85,26,2,6,39,0.494,0.714,1
49,66684.65,21198.09,21724.17,3,2,7,28,0.318,0.326,0
57,55453.96,908.93,24341.14,0,0,13,14,0.016,0.439,0
58,63007.64,10913.64,23837.72,24,0,9,10,0.173,0.378,0
39,30673.75,19788.19,17387.77,20,1,5,33,0.645,0.567,1
28,53002.72,21795.76,24611.35,21,1,9,35,0.411,0.464,0
21,15902.43,16494.19,16579.63,15,0,8,29,1.037,1.043,1
42,10000.0,12116.08,27704.31,18,4,1,34,1.212,2.77,1
37,52816.57,13800.59,12470.69,15,2,11,8,0.261,0.236,0
27,72011.95,22404.07,20876.7,10,1,12,17,0.311,0.29,0
45,55058.74,15339.01,1000.0,25,1,3,18,0.279,0.018,0
24,48731.08,4581.52,15561.07,7,1,8,38,0.094,0.319,0
56,46249.32,2665.02,26809.86,22,0,9,3,0.058,0.58,0
26,31148.69,103.63,7595.18,0,0,14,5,0.003,0.244,0
51,45562.78,29555.81,16158.79,25,0,4,32,0.649,0.355,0
39,58433.69,23074.62,1000.0,27,1,14,31,0.395,0.017,0
64,41295.56,13935.12,3583.11,20,0,14,15,0.337,0.087,0
59,65011.74,10462.08,6722.31,25,4,14,10,0.161,0.103,0
47,53919.5,9260.7,21221.01,8,0,12,21,0.172,0.394,0
30,56339.59,25932.37,24000.91,27,1,6,35,0.46,0.426,0
46,67773.26,34044.34,19327.33,26,2,4,22,0.502,0.285,0
39,39464.89,8946.07,15408.88,11,2,13,25,0.227,0.39,0
59,63187.61,26384.16,15450.78,21,2,9,30,0.418,0.245,0
23,42270.47,15280.13,28592.55,7,1,2,28,0.361,0.676,1
33,56790.29,12875.71,22553.84,25,4,6,4,0.227,0.397,0
48,37084.57,30042.14,15992.65,16,3,11,37,0.81,0.431,1
40,31785.92,14898.34,35519.59,9,0,13,24,0.469,1.117,1
48,51837.29,17963.64,43399.7,26,1,3,33,0.347,0.837,0
28,12296.0,17482.74,5051.09,6,1,10,11,1.422,0.411,1
61,44074.65,0.0,26270.12,18,1,4,21,0.0,0.596,0
59,17872.46,17884.11,57078.68,24,4,2,8,1.001,3.194,1
21,65584.68,9373.08,23362.47,5,0,11,19,0.143,0.356,0
23,71002.21,788.47,21385.31,20,4,8,28,0.011,0.301,0
33,32720.98,9828.63,19331.19,23,0,10,28,0.3,0.591,0
48,58566.26,9746.11,25882.18,23,2,8,26,0.166,0.442,0
45,67982.71,25298.83,29058.79,27,1,1,16,0.372,0.427,0
53,68049.38,4362.1,5062.8,27,1,10,4,0.064,0.074,0
58,54289.02,7101.53,19682.2,18,3,6,12,0.131,0.363,0
26,64686.09,17353.88,1000.0,17,1,1,14,0.268,0.015,0
64,37013.37,1742.06,17488.2,14,2,6,14,0.047,0.472,0
52,51662.45,8409.93,9167.74,1,0,7,17,0.163,0.177,0
41,40657.93,0.0,24070.13,13,0,2,1,0.0,0.592,0
36,35324.24,24200.11,1000.0,20,1,9,22,0.685,0.028,0
41,50721.27,11986.37,13852.19,9,4,8,12,0.236,0.273,1
31,56950.61,14840.82,31598.53,27,4,9,3,0.261,0.555,0
57,73270.18,24160.1,11884.0,15,1,10,24,0.33,0.162,0
56,55303.11,7777.31,1000.0,6,1,13,10,0.141,0.018,0
55,62838.61,11880.13,23090.4,7,1,4,11,0.189,0.367,0
39,63065.66,4436.72,12961.65,9,3,4,12,0.07,0.206,0
40,103750.69,4414.96,17769.37,14,0,12,8,0.043,0.171,0
38,13799.35,5794.17,11241.56,7,0,8,37,0.42,0.815,1
61,36241.32,10075.1,43692.76,12,2,1,5,0.278,1.206,1
34,79481.12,11152.04,1303.13,11,3,8,9,0.14,0.016,0
35,42959.74,17886.32,54001.95,7,0,7,22,0.416,1.257,1
51,67716.06,6087.83,15312.36,14,1,12,14,0.09,0.226,0
21,54600.19,18196.33,22201.36,25,1,7,22,0.333,0.407,0
23,92104.05,19850.01,13102.44,11,0,9,39,0.216,0.142,0
36,27738.91,10321.78,12600.4,10,4,13,36,0.372,0.454,0
43,74436.01,6952.75,10582.04,18,0,10,33,0.093,0.142,0
31,84991.63,15850.79,27215.1,13,0,7,15,0.186,0.32,0
32,29711.62,12970.83,3070.4,26,1,2,31,0.437,0.103,0
30,65657.4,17203.52,24369.3,17,0,1,37,0.262,0.371,0
52,30690.04,30698.66,1000.0,12,1,1,39,1.0,0.033,1
36,50603.23,15686.37,23282.35,3,1,7,4,0.31,0.46,1
28,44868.24,8607.69,30189.71,16,1,5,16,0.192,0.673,0
58,10000.0,6091.1,4705.77,18,1,4,21,0.609,0.471,1
32,58484.69,6477.98,28144.91,26,2,5,38,0.111,0.481,0
44,52866.78,372.34,20616.62,8,2,10,17,0.007,0.39,0
48,79581.58,24327.44,39181.12,22,0,10,27,0.306,0.492,0
28,62222.87,0.0,9737.52,6,0,6,12,0.0,0.156,0
48,95817.68,19881.05,53791.83,0,0,12,0,0.207,0.561,0
56,52140.85,6319.36,1000.0,6,0,10,18,0.121,0.019,0
46,47889.4,9875.95,16045.95,25,4,6,33,0.206,0.335,0
28,46312.87,6020.12,1000.0,6,1,1,3,0.13,0.022,0
48,41208.23,29458.65,42212.65,19,2,2,2,0.715,1.024,1
48,10000.0,15163.16,16859.59,6,1,3,9,1.516,1.686,1
57,45596.11,22903.79,17939.78,7,0,4,27,0.502,0.393,0
61,10000.0,28005.27,25318.86,15,2,6,33,2.801,2.532,1
56,59040.67,16634.05,19942.34,2,1,12,38,0.282,0.338,0
47,25198.79,3043.76,12874.86,12,0,12,18,0.121,0.511,0
37,32113.35,12793.57,4920.23,9,2,11,35,0.398,0.153,0
29,36611.8,7577.52,22022.16,17,2,13,2,0.207,0.602,1
53,45901.3,9964.96,24546.0,6,0,9,22,0.217,0.535,0
40,50137.37,14053.76,28344.53,20,1,12,16,0.28,0.565,0
33,71689.59,13658.44,42952.72,20,2,2,6,0.191,0.599,0
48,38449.4,19121.09,1000.0,29,0,8,25,0.497,0.026,0
49,59602.92,20573.04,19187.39,4,1,9,17,0.345,0.322,1
33,104617.34,13658.55,34300.85,22,3,2,5,0.131,0.328,0
55,57547.01,19034.69,18505.73,24,5,9,30,0.331,0.322,0
26,46390.2,9506.4,1000.0,26,2,7,28,0.205,0.022,0
38,34416.97,28147.8,4507.53,23,0,9,8,0.818,0.131,0
25,46113.37,9344.89,23942.84,21,1,6,34,0.203,0.519,0
45,32275.59,26971.86,23506.37,6,2,2,16,0.836,0.728,1
22,55373.23,239.33,28070.24,24,2,8,11,0.004,0.507,0
30,52070.88,11195.93,10627.89,29,3,10,35,0.215,0.204,0
50,10000.0,11690.22,23118.6,26,2,9,23,1.169,2.312,1
25,49628.84,17789.92,8649.64,21,3,12,9,0.358,0.174,0
53,71522.93,23618.17,23119.5,16,4,8,29,0.33,0.323,0
21,42017.76,2506.05,20638.55,3,2,2,28,0.06,0.491,0
38,36942.06,3920.17,10149.68,23,0,8,38,0.106,0.275,0
52,22445.98,980.92,38698.2,22,1,3,9,0.044,1.724,1
31,12840.16,28201.84,1000.0,15,0,3,38,2.196,0.078,1
41,66626.99,17976.05,18300.55,18,0,9,27,0.27,0.275,0
46,46370.43,4156.29,9885.13,9,1,13,17,0.09,0.213,0
45,65440.43,10569.05,42010.42,2,2,9,16,0.162,0.642,0
42,80626.47,26817.61,27180.78,26,1,9,10,0.333,0.337,0
47,68424.95,12218.81,12208.28,2,3,4,0,0.179,0.178,0
33,39152.55,11628.12,16643.42,27,3,12,16,0.297,0.425,0
53,52897.35,7187.03,42335.09,16,2,14,35,0.136,0.8,0
54,37704.54,4750.08,8644.69,9,0,7,35,0.126,0.229,0
61,35834.23,26833.24,1000.0,16,3,13,8,0.749,0.028,1
55,56856.3,31739.02,23492.08,21,1,8,27,0.558,0.413,0
21,33354.12,5148.06,23763.68,29,3,13,32,0.154,0.712,0
41,10000.0,29049.42,27992.41,29,3,13,2,2.905,2.799,1
26,32237.04,10126.11,28071.51,16,2,5,7,0.314,0.871,1
48,43862.38,20336.48,41248.47,20,1,13,5,0.464,0.94,1
37,80427.97,29102.14,1000.0,3,2,1,5,0.362,0.012,0
25,40181.25,13549.23,5566.36,20,0,9,28,0.337,0.139,0
51,60238.48,11720.58,27946.44,22,3,6,36,0.195,0.464,0
25,46633.84,23010.81,6732.49,5,1,3,11,0.493,0.144,0
58,74528.1,3900.47,2520.94,11,1,3,8,0.052,0.034,0
23,73141.93,26470.61,42390.13,24,1,14,18,0.362,0.58,0
43,73523.5,16428.09,1000.0,21,5,14,16,0.223,0.014,0
57,15320.33,9222.49,15784.74,24,2,10,31,0.602,1.03,1
57,54134.48,8958.32,19287.59,19,0,1,34,0.165,0.356,0
30,65178.77,1165.37,35709.64,16,2,13,13,0.018,0.548,0
30,57630.77,9638.28,1000.0,16,1,8,15,0.167,0.017,0
39,62731.93,12359.62,24985.7,9,1,2,20,0.197,0.398,0
37,51167.02,4387.06,9315.48,6,4,12,11,0.086,0.182,0
41,35104.32,14545.35,27531.33,28,4,1,23,0.414,0.784,1
34,16058.05,19729.17,9118.31,15,1,7,33,1.229,0.568,1
29,37088.61,12865.28,38867.68,28,3,14,7,0.347,1.048,1
21,103562.2,21627.26,9188.36,12,4,11,20,0.209,0.089,0
33,40286.98,6928.6,1000.0,2,3,9,7,0.172,0.025,0
24,10812.2,25033.83,10533.81,1,1,6,27,2.315,0.974,1
21,64652.99,16218.15,16864.4,15,1,8,15,0.251,0.261,0
60,67109.2,30452.57,32988.25,29,2,8,9,0.454,0.492,0
52,75746.49,39142.17,4899.02,5,0,9,14,0.517,0.065,0
54,59419.57,10297.56,5136.25,5,1,7,3,0.173,0.086,0
48,66912.03,10709.36,31526.93,12,1,9,25,0.16,0.471,0
51,86804.34,12537.58,3497.3,6,4,9,14,0.144,0.04,0
28,35090.53,20957.02,17852.2,4,1,12,35,0.597,0.509,1
59,31122.99,28259.7,18096.19,23,1,11,31,0.908,0.581,1
46,28108.27,8471.92,22610.95,6,1,1,37,0.301,0.804,1
54,44684.61,18812.44,11001.82,1,1,6,3,0.421,0.246,1
23,78668.45,13640.73,8876.07,16,3,12,8,0.173,0.113,0
32,60561.37,21181.09,24018.73,12,1,8,34,0.35,0.397,0
21,59773.84,30094.58,9248.05,29,4,10,27,0.503,0.155,0
64,13613.84,12596.72,3680.37,24,0,9,36,0.925,0.27,1
25,36136.26,0.0,34733.6,20,4,4,8,0.0,0.961,1
50,13286.85,22439.02,25857.14,27,0,13,1,1.689,1.946,1
50,73424.92,6672.95,41210.03,26,0,2,2,0.091,0.561,0
37,81712.93,13568.84,29407.61,20,0,11,4,0.166,0.36,0
43,65591.33,22870.31,4782.28,27,1,9,9,0.349,0.073,0
35,30264.28,17973.95,21156.43,15,2,9,27,0.594,0.699,1
57,79640.45,13982.8,7812.46,25,0,12,14,0.176,0.098,0
41,44934.9,9241.18,1000.0,19,0,8,13,0.206,0.022,0
34,25710.81,0.0,14633.61,1,2,3,22,0.0,0.569,0
22,30711.91,21983.21,31778.39,4,3,5,12,0.716,1.035,1
31,41396.87,12470.48,23298.95,17,3,2,15,0.301,0.563,0
59,50991.57,30133.36,3309.27,27,5,14,29,0.591,0.065,0
58,46773.12,18980.28,14211.9,6,0,3,39,0.406,0.304,0
54,21746.63,9588.75,18285.6,10,1,1,7,0.441,0.841,1
58,74266.33,25668.7,1000.0,24,1,4,16,0.346,0.013,0
54,46987.88,26511.29,28558.07,24,0,5,29,0.564,0.608,0
38,35724.92,12809.68,17255.18,10,1,12,16,0.359,0.483,1
50,72206.05,26936.45,3312.86,21,0,2,34,0.373,0.046,0
35,26331.88,9446.92,2633.92,16,1,3,0,0.359,0.1,0
47,17422.2,16596.48,33207.97,15,0,12,23,0.953,1.906,1
54,75449.75,20714.08,15430.24,12,3,6,24,0.275,0.205,0
58,87827.76,22847.82,34284.22,21,2,6,1,0.26,0.39,0
53,40758.08,21215.22,38865.87,4,0,7,24,0.521,0.954,1
44,49080.6,11673.43,32269.38,19,0,12,13,0.238,0.657,0
35,27066.71,25936.98,13598.82,15,4,9,38,0.958,0.502,1
50,50109.85,13755.73,1000.0,27,2,4,32,0.275,0.02,0
62,40485.89,9309.73,23755.96,21,2,5,16,0.23,0.587,0
37,47957.43,9456.62,45098.92,21,2,11,30,0.197,0.94,0
25,58185.17,34399.88,19575.32,15,0,2,9,0.591,0.336,0
49,28037.09,7580.17,1000.0,15,3,6,5,0.27,0.036,0
24,42763.77,27916.35,11901.46,13,0,4,38,0.653,0.278,0
30,13924.37,3645.33,17795.2,5,2,5,24,0.262,1.278,1
37,42900.25,19879.05,6824.14,1,3,7,37,0.463,0.159,0
30,48131.32,17970.83,1000.0,13,0,6,36,0.373,0.021,0
37,54579.65,31212.27,18825.79,15,3,8,29,0.572,0.345,0
40,54791.53,8455.98,10581.49,22,0,6,33,0.154,0.193,0
44,68078.46,5693.36,41272.3,29,3,10,17,0.084,0.606,0
25,19206.67,13834.9,21212.4,19,4,14,23,0.72,1.104,1
54,20274.46,31648.02,25634.95,12,0,8,26,1.561,1.264,1
26,60579.16,6158.42,18570.97,14,0,13,26,0.102,0.307,0
22,10000.0,0.0,21124.8,11,3,14,38,0.0,2.112,1
33,53666.0,15597.68,1000.0,8,2,14,20,0.291,0.019,0
63,26394.14,24495.23,7518.0,25,2,4,18,0.928,0.285,1
63,81456.29,4861.94,33063.38,17,2,12,38,0.06,0.406,0
31,55009.05,23479.32,22513.54,20,2,7,22,0.427,0.409,0
43,45616.88,4640.89,15217.92,13,2,3,38,0.102,0.334,0
36,74554.42,13534.41,25834.05,19,1,1,14,0.182,0.347,0
51,28731.96,22526.82,26070.34,24,2,13,1,0.784,0.907,1
31,32531.81,3125.35,43890.74,3,1,9,34,0.096,1.349,1
36,24770.9,16815.13,21956.8,7,1,9,19,0.679,0.886,1
28,32699.22,27149.74,7249.91,7,0,6,27,0.83,0.222,1
24,51222.31,19739.34,18611.64,21,2,2,14,0.385,0.363,0
60,59879.04,7793.74,27290.79,21,0,8,15,0.13,0.456,0
24,69228.43,30187.18,31947.91,15,0,10,32,0.436,0.461,0
45,13505.52,21583.93,1000.0,26,3,6,11,1.598,0.074,1
23,46562.74,0.0,23044.48,23,4,7,38,0.0,0.495,0
52,27836.71,23642.44,9232.94,27,0,13,38,0.849,0.332,0
23,45894.26,9286.26,13200.42,28,3,1,19,0.202,0.288,0
47,96683.27,16965.64,30150.08,27,1,3,28,0.175,0.312,0
49,55837.24,25080.04,28954.98,9,1,1,2,0.449,0.519,1
52,67989.3,9503.95,11862.17,24,0,10,4,0.14,0.174,0
39,89213.83,0.0,18105.9,20,1,1,1,0.0,0.203,0
41,72547.16,30055.45,13567.02,26,0,12,22,0.414,0.187,0
25,41041.71,26645.83,54700.44,16,0,12,25,0.649,1.333,1
38,24483.36,14127.44,23340.3,0,0,11,25,0.577,0.953,1
48,49397.11,23534.21,9926.22,17,0,13,6,0.476,0.201,0
62,38645.88,11306.13,35866.01,9,2,1,9,0.293,0.928,1
42,19509.57,15969.7,36289.54,25,2,4,4,0.819,1.86,1
41,54818.5,13557.12,41500.05,20,1,13,11,0.247,0.757,0
26,55317.73,11710.56,45055.92,3,3,7,31,0.212,0.814,1
21,85382.33,18593.03,28492.58,0,2,7,30,0.218,0.334,0
25,42764.74,2918.21,15801.78,3,2,12,21,0.068,0.37,0
61,55602.43,12484.19,17568.6,3,0,13,16,0.225,0.316,0
32,36690.29,18144.79,16495.1,25,1,5,19,0.495,0.45,0
46,67463.39,33381.01,15154.94,3,0,12,19,0.495,0.225,0
54,47507.64,3324.66,34879.24,16,1,6,7,0.07,0.734,0
34,26548.17,20205.53,20008.65,8,3,2,33,0.761,0.754,1
46,49730.56,21301.49,31657.06,29,2,5,22,0.428,0.637,0
47,57810.46,0.0,28118.2,18,2,7,37,0.0,0.486,0
29,55105.47,19105.32,6816.14,12,1,14,27,0.347,0.124,0
46,70917.93,23802.85,1000.0,3,0,9,12,0.336,0.014,0
42,21038.87,20886.53,5160.04,4,0,6,28,0.993,0.245,1
50,33145.15,14160.73,14879.52,28,2,12,7,0.427,0.449,0
63,62795.75,18332.4,21611.94,12,6,14,10,0.292,0.344,0
37,35494.62,16698.45,12220.4,22,1,10,17,0.47,0.344,0
46,54809.42,0.0,28436.78,15,2,4,24,0.0,0.519,0
56,10000.0,16933.2,13667.78,21,2,3,21,1.693,1.367,1
21,104318.93,11329.3,23083.49,4,1,9,34,0.109,0.221,0
28,44605.63,7951.78,21410.98,7,1,7,28,0.178,0.48,0
55,73879.13,39849.7,40813.2,15,1,11,20,0.539,0.552,1
35,43262.04,27526.16,8297.11,29,1,14,6,0.636,0.192,1
42,58293.97,3498.28,46501.03,0,2,13,11,0.06,0.798,0
34,79838.39,18466.36,12867.8,22,1,6,35,0.231,0.161,0
46,73316.12,29580.25,3919.32,27,1,7,23,0.403,0.053,0
48,45910.9,38.01,17397.02,5,0,8,31,0.001,0.379,0
43,47294.91,15769.83,58881.67,10,2,5,26,0.333,1.245,1
34,70071.33,16240.73,30742.46,15,2,3,31,0.232,0.439,0
44,96664.89,2255.07,27235.57,4,0,3,31,0.023,0.282,0
22,53845.65,18795.5,29542.24,15,1,13,31,0.349,0.549,0
46,89141.27,26162.46,10764.88,6,4,2,25,0.293,0.121,0
34,45171.71,30080.48,23912.53,18,1,8,10,0.666,0.529,1
27,69039.21,12506.36,20030.03,0,1,1,17,0.181,0.29,0
23,72023.12,40016.45,41708.8,8,1,12,38,0.556,0.579,0
43,41800.79,0.0,18695.75,17,3,8,4,0.0,0.447,1
63,35058.44,18562.17,15460.68,12,2,3,15,0.529,0.441,0
38,72907.78,877.06,6022.41,25,2,9,10,0.012,0.083,0
58,39368.86,15901.83,21680.17,14,1,12,34,0.404,0.551,1
55,32113.0,9780.93,23515.42,2,0,14,10,0.305,0.732,1
35,36320.81,20068.77,5580.94,23,0,12,22,0.553,0.154,0
45,39287.73,13731.19,25437.96,27,1,11,33,0.35,0.647,0
57,67132.34,6740.16,22798.15,9,1,2,16,0.1,0.34,0
48,60300.85,7397.09,32161.35,8,1,10,9,0.123,0.533,0
30,64313.16,34324.59,34548.42,12,3,9,17,0.534,0.537,1
59,58427.6,19435.24,21131.35,15,2,6,7,0.333,0.362,0
37,38123.2,0.0,7563.62,2,4,1,25,0.0,0.198,0
59,63942.06,20507.88,10032.54,21,1,5,2,0.321,0.157,0
42,73649.08,13053.23,41145.53,22,1,10,23,0.177,0.559,0
46,61690.06,15046.01,21985.87,14,7,9,2,0.244,0.356,1
64,58993.12,23198.88,40953.85,16,0,13,37,0.393,0.694,0
45,34658.91,26832.27,25983.26,13,8,6,1,0.774,0.75,1
37,54236.34,6411.87,29044.83,6,3,7,34,0.118,0.536,0
33,33595.17,14702.58,31264.68,19,0,4,16,0.438,0.931,1
40,49519.44,9538.89,5322.33,15,0,1,8,0.193,0.107,0
45,17194.67,20968.62,23683.41,20,2,5,35,1.219,1.377,1
24,17348.83,12676.96,5156.01,7,0,2,21,0.731,0.297,1
30,46179.05,15292.51,16581.05,3,1,8,30,0.331,0.359,0
23,39031.21,12297.23,27682.04,19,1,4,33,0.315,0.709,0
61,52135.74,13938.8,7695.99,23,1,1,23,0.267,0.148,0
38,47304.63,32046.51,26712.05,14,1,10,8,0.677,0.565,1
56,50603.82,38907.66,2019.57,4,1,7,1,0.769,0.04,1
42,62172.15,18770.92,33719.84,12,0,12,20,0.302,0.542,0
54,40734.62,14000.3,12026.75,5,1,11,33,0.344,0.295,0
28,45611.12,0.0,7674.59,27,0,2,26,0.0,0.168,0
60,79100.42,7395.82,2775.73,26,2,3,36,0.093,0.035,0
64,50061.68,13732.64,13047.75,29,1,14,6,0.274,0.261,0
39,46415.79,7849.37,1000.0,4,1,9,21,0.169,0.022,0
62,51650.25,8900.99,13419.21,16,1,13,3,0.172,0.26,0
61,46772.71,30753.89,33193.84,6,2,9,13,0.658,0.71,1
57,35808.55,15287.91,17735.46,5,1,2,33,0.427,0.495,0
26,30039.4,16182.12,5869.78,1,2,3,22,0.539,0.195,1
46,34731.37,8258.09,22715.16,10,1,11,24,0.238,0.654,1
54,67458.38,26775.45,21654.75,6,2,12,0,0.397,0.321,1
26,37401.89,12874.21,43479.32,21,3,9,14,0.344,1.162,1
57,46901.51,9791.36,29488.65,20,1,1,31,0.209,0.629,0
53,64014.73,0.0,23667.18,7,2,2,13,0.0,0.37,0
42,44432.18,14388.98,30860.8,4,0,11,20,0.324,0.695,1
41,62667.23,9479.42,18387.43,26,3,2,6,0.151,0.293,0
26,19184.14,31845.8,19095.04,17,2,10,35,1.66,0.995,1
26,47349.67,33438.99,39907.28,21,0,14,20,0.706,0.843,1
24,51577.92,2647.2,1000.0,15,5,3,39,0.051,0.019,0
50,50462.77,3778.47,31615.35,13,3,10,11,0.075,0.627,0
31,16941.63,12236.8,18670.5,11,2,3,14,0.722,1.102,1
50,74062.25,6839.62,16502.13,16,2,10,14,0.092,0.223,0
51,32906.54,17174.17,13365.25,4,2,13,16,0.522,0.406,1
44,56700.74,11733.77,21844.09,13,3,2,33,0.207,0.385,0
29,50159.29,17805.32,19477.65,5,1,8,34,0.355,0.388,0
23,70074.19,25160.94,15023.57,14,1,8,38,0.359,0.214,0
51,93749.78,4357.78,11568.11,6,1,8,37,0.046,0.123,0
60,24192.71,24952.11,1000.0,13,3,2,13,1.031,0.041,1
57,37021.72,7713.48,11314.36,17,1,13,4,0.208,0.306,0
56,53781.85,36484.83,13852.46,0,4,9,29,0.678,0.258,1
44,27892.93,31209.76,21814.77,5,0,11,3,1.119,0.782,1
51,65643.65,13869.2,43557.03,2,1,7,14,0.211,0.664,0
26,66867.45,5364.17,12608.53,4,4,12,38,0.08,0.189,0
22,61188.98,3451.34,7715.23,11,1,5,34,0.056,0.126,0
40,54731.64,23736.29,11426.05,10,1,7,9,0.434,0.209,0
48,77394.18,14695.97,21840.14,12,2,8,1,0.19,0.282,0
31,26887.49,24268.67,27063.63,15,0,9,23,0.903,1.007,1
24,51305.36,37042.29,28740.14,17,0,2,27,0.722,0.56,0
35,35223.94,7296.17,29932.5,16,0,6,21,0.207,0.85,1
26,67798.33,2698.62,31630.77,16,0,9,31,0.04,0.467,0
50,13333.18,16925.6,16653.4,28,3,13,30,1.269,1.249,1
58,49438.32,26447.6,44637.68,10,0,6,18,0.535,0.903,1
22,56704.77,5595.4,15742.78,19,5,2,20,0.099,0.278,0
35,31050.16,15346.25,21312.09,9,1,1,2,0.494,0.686,1
31,37476.2,28700.44,35549.92,28,0,12,5,0.766,0.949,1
28,50307.58,0.0,26797.1,15,0,3,31,0.0,0.533,0
46,69101.93,17353.18,1000.0,1,2,11,1,0.251,0.014,0
64,29342.62,9598.97,20067.63,16,3,5,23,0.327,0.684,0
25,32831.0,16241.57,30343.58,21,2,7,26,0.495,0.924,1
26,72511.76,22097.84,3878.36,29,2,10,8,0.305,0.053,0
46,44540.49,17208.09,29008.31,19,1,10,12,0.386,0.651,0
24,34449.22,4897.78,24681.85,9,1,3,13,0.142,0.716,0
39,64573.7,9987.54,34207.05,12,4,9,10,0.155,0.53,0
40,40236.06,29265.93,11696.82,11,2,10,13,0.727,0.291,1
53,70548.43,18289.33,31950.72,14,5,12,15,0.259,0.453,1
40,36725.59,23403.19,21915.3,6,1,4,9,0.637,0.597,1
32,46808.11,17502.95,41192.6,26,1,10,19,0.374,0.88,1
21,68899.43,23091.16,53432.6,21,1,2,15,0.335,0.776,0
46,45474.78,11038.54,38459.97,20,5,3,33,0.243,0.846,0
34,65121.07,7324.88,25766.22,25,1,5,15,0.112,0.396,0
58,48689.05,22636.98,47852.05,27,2,3,13,0.465,0.983,1
57,89633.84,26273.74,27241.74,12,0,5,27,0.293,0.304,0
31,81375.57,5857.19,9104.65,11,1,4,17,0.072,0.112,0
56,23438.07,9240.55,19528.72,11,2,13,25,0.394,0.833,1
33,60444.87,13367.74,29140.07,27,1,11,37,0.221,0.482,0
63,33671.92,31198.25,29911.45,1,0,10,6,0.927,0.888,1
23,53830.14,20631.35,6496.82,4,2,13,33,0.383,0.121,0
53,51367.41,1759.13,6877.61,24,0,3,6,0.034,0.134,0
26,28892.26,14070.17,15904.28,24,1,12,32,0.487,0.55,0
30,71169.69,12541.21,26414.52,1,1,6,34,0.176,0.371,0
25,54066.06,3267.3,27950.75,22,0,8,38,0.06,0.517,0
43,44306.34,13952.08,21695.66,25,0,13,20,0.315,0.49,0
30,41237.8,12099.63,9986.86,29,4,12,27,0.293,0.242,0
64,52795.54,11383.67,40843.32,19,2,4,31,0.216,0.774,0
22,58158.5,10926.19,7135.3,12,2,9,15,0.188,0.123,0
33,47500.48,29713.94,35628.09,28,3,6,9,0.626,0.75,1
60,10000.0,11362.97,28865.88,2,0,5,22,1.136,2.887,1
22,50337.81,15496.71,35363.99,10,1,3,14,0.308,0.703,1
40,21170.36,14412.35,14666.8,15,1,5,5,0.681,0.693,1
21,45810.95,9949.83,18288.15,0,2,5,32,0.217,0.399,0
57,21908.71,15795.05,20660.51,18,1,14,38,0.721,0.943,1
29,21670.05,15653.51,14283.23,10,1,12,11,0.722,0.659,1
37,74702.44,15797.57,22703.1,8,1,12,35,0.211,0.304,0
29,43598.16,6407.67,38949.07,13,2,4,30,0.147,0.893,0
31,42066.76,12938.75,4437.99,8,1,12,9,0.308,0.105,0
35,59650.48,22603.22,12113.46,6,2,6,33,0.379,0.203,0
44,42588.19,13201.83,10811.06,15,2,3,9,0.31,0.254,0
58,92076.12,16617.82,18866.98,2,0,10,10,0.18,0.205,0
55,44539.6,16670.37,18373.68,28,7,1,13,0.374,0.413,0
50,57302.51,19173.95,29267.78,18,1,7,2,0.335,0.511,0
51,69418.83,20586.51,20404.68,3,2,7,32,0.297,0.294,0
25,82045.06,13258.49,23634.6,6,0,12,6,0.162,0.288,0
64,35159.88,5886.65,24781.38,22,0,4,3,0.167,0.705,0
34,41640.73,2812.85,22944.85,27,3,9,38,0.068,0.551,0
31,75491.84,25176.86,28439.76,11,1,12,9,0.334,0.377,0
29,66201.25,22702.5,18532.12,29,2,2,14,0.343,0.28,0
54,71503.52,21493.65,39756.42,17,1,13,15,0.301,0.556,0
32,22625.91,23112.04,50499.44,27,1,1,37,1.021,2.232,1
55,80960.0,13384.44,28474.77,4,3,3,3,0.165,0.352,0
55,34771.85,8751.24,22735.89,22,1,7,3,0.252,0.654,0
21,53845.86,5195.93,27494.99,22,1,9,35,0.096,0.511,0
60,47035.54,4106.5,6787.6,21,2,2,26,0.087,0.144,0
42,32430.34,27121.59,22161.27,25,3,6,21,0.836,0.683,1
49,21749.28,10068.55,11224.1,9,1,3,21,0.463,0.516,1
28,15123.04,25548.59,26119.72,11,3,5,16,1.689,1.727,1
31,52380.37,13131.14,11283.69,7,1,12,33,0.251,0.215,0
61,19493.62,8237.59,15862.67,18,0,9,31,0.423,0.814,1
57,27323.69,4056.35,1000.0,14,1,3,5,0.148,0.037,0
34,45639.28,9118.46,5921.05,0,1,1,32,0.2,0.13,0
50,10000.0,29182.39,24258.49,2,3,5,7,2.918,2.426,1
55,65579.59,4157.9,9573.85,26,3,1,35,0.063,0.146,0
41,10000.0,36167.47,32765.29,17,2,8,4,3.617,3.277,1
57,48452.55,6593.93,8553.33,17,4,7,4,0.136,0.177,0
25,50300.38,22499.5,25439.05,29,2,11,9,0.447,0.506,0
39,60761.23,13547.49,10857.49,29,2,2,39,0.223,0.179,0
34,49166.38,11794.4,24625.64,1,0,14,6,0.24,0.501,1
46,90358.16,2285.79,1582.55,4,2,11,11,0.025,0.018,0
24,54326.34,14016.07,14561.8,28,4,9,29,0.258,0.268,0
45,71072.25,3417.14,9845.44,0,2,5,24,0.048,0.139,0
62,35530.74,0.0,30598.79,9,1,7,27,0.0,0.861,0
45,52415.14,16195.99,25547.15,19,2,4,12,0.309,0.487,0
38,80951.4,8645.77,5209.09,29,0,12,21,0.107,0.064,0
60,45246.1,31843.49,17561.83,9,2,13,17,0.704,0.388,1
28,53844.7,25000.22,10732.19,4,2,1,26,0.464,0.199,0
59,69617.07,31974.32,31403.09,17,2,14,7,0.459,0.451,0
60,35155.41,8191.17,35258.29,20,4,8,5,0.233,1.003,1
34,10000.0,16361.38,2700.26,25,1,13,10,1.636,0.27,1
52,55111.47,0.0,29920.44,14,2,1,28,0.0,0.543,0
58,69773.38,12181.98,10120.45,19,1,3,4,0.175,0.145,0
53,22971.08,15984.98,16965.0,7,0,6,6,0.696,0.739,1
43,63404.4,16540.48,20387.05,16,1,8,21,0.261,0.322,0
35,63539.33,14576.32,41799.27,11,1,8,3,0.229,0.658,0
53,10000.0,15665.93,7953.8,20,0,2,31,1.567,0.795,1
45,31274.23,0.0,30017.0,29,0,9,18,0.0,0.96,0
37,42083.42,17562.22,5941.95,29,3,4,32,0.417,0.141,0
53,46407.52,19834.4,5112.88,26,3,4,0,0.427,0.11,0
22,35137.31,28380.25,20341.56,11,1,14,7,0.808,0.579,1
34,34059.94,18687.38,20260.75,25,1,2,31,0.549,0.595,1
60,83429.66,13692.63,1000.0,0,2,1,29,0.164,0.012,0
60,47848.82,26049.42,33915.16,25,3,10,27,0.544,0.709,1
59,36099.13,0.0,1000.0,25,2,7,31,0.0,0.028,0
26,49176.61,9850.51,18248.75,3,0,11,24,0.2,0.371,0
26,60741.82,7341.9,35931.39,7,1,10,33,0.121,0.592,0
23,51032.53,14654.78,46510.21,0,3,3,32,0.287,0.911,1
27,45885.45,0.0,15643.4,26,0,4,12,0.0,0.341,0
28,36999.67,28196.36,2804.61,14,0,11,24,0.762,0.076,0
62,36757.38,12501.9,35486.58,17,4,9,39,0.34,0.965,1
35,38043.83,18187.97,30381.88,0,4,6,38,0.478,0.799,1
49,56776.29,17230.91,14132.09,10,2,14,9,0.303,0.249,0
53,30116.4,27624.9,12611.15,22,0,1,30,0.917,0.419,1
50,57865.38,0.0,11391.29,1,2,9,10,0.0,0.197,0
59,78259.9,16123.21,15864.96,0,1,9,24,0.206,0.203,0
47,56514.15,26461.78,23792.82,11,1,5,33,0.468,0.421,1
56,42608.29,14020.14,13207.83,15,0,8,19,0.329,0.31,0
49,24037.46,5487.31,14725.04,21,0,7,6,0.228,0.613,0
58,81562.14,8961.1,27695.35,21,0,11,32,0.11,0.34,0
53,26599.65,11070.58,2211.03,9,2,8,34,0.416,0.083,0
57,66971.24,7789.5,15488.77,17,2,9,28,0.116,0.231,0
47,62770.36,13471.89,1000.0,14,0,14,11,0.215,0.016,0
53,45264.63,30082.47,21300.95,16,0,2,4,0.665,0.471,1
24,44740.42,9026.35,1000.0,29,1,10,11,0.202,0.022,0
42,13285.77,10123.26,30680.12,9,0,5,28,0.762,2.309,1
22,56601.3,19597.81,4224.35,2,1,8,34,0.346,0.075,0
30,62398.53,13251.8,1000.0,25,1,3,19,0.212,0.016,0
25,28218.4,1708.15,15636.64,29,0,11,36,0.061,0.554,0
30,46883.57,14388.12,40533.29,20,0,11,0,0.307,0.865,1
53,50757.24,14011.09,28534.31,15,5,6,15,0.276,0.562,1
58,61691.45,24756.78,1000.0,5,3,6,29,0.401,0.016,0
33,50076.06,5278.48,3882.5,2,2,7,8,0.105,0.078,0
51,17473.61,24823.19,15252.8,8,1,13,9,1.421,0.873,1
56,39401.24,14021.69,46860.24,10,1,11,12,0.356,1.189,1
44,54492.52,3920.58,8732.55,20,2,3,19,0.072,0.16,0
35,66830.57,1912.22,8829.38,12,3,8,28,0.029,0.132,0
49,37647.27,34343.89,38329.15,17,1,8,3,0.912,1.018,1
28,93753.0,13400.84,22338.89,25,0,9,27,0.143,0.238,0
25,12110.54,24365.04,32636.0,21,0,8,36,2.012,2.695,1
49,38726.0,0.0,11274.81,27,2,3,12,0.0,0.291,0
24,48339.33,41376.95,18780.37,23,2,6,2,0.856,0.389,1
32,45985.02,23932.45,35787.58,26,1,9,36,0.52,0.778,0
22,25357.15,12445.6,18261.91,21,1,1,18,0.491,0.72,1
47,58957.23,11938.34,33476.64,3,3,3,27,0.202,0.568,0
51,57421.88,22345.98,24647.21,21,1,2,18,0.389,0.429,0
56,50959.23,21771.82,7524.45,23,1,12,16,0.427,0.148,0
56,56636.88,16825.29,19804.19,7,1,8,17,0.297,0.35,0
46,41524.47,15108.79,31776.61,12,1,6,17,0.364,0.765,0
63,17652.74,20610.67,28032.99,9,0,10,22,1.168,1.588,1
47,35667.2,0.0,19516.97,1,3,11,39,0.0,0.547,0
25,53141.09,11287.25,1000.0,7,2,11,8,0.212,0.019,0
40,53254.89,0.0,1000.0,5,2,8,28,0.0,0.019,0
31,50827.58,21045.92,1000.33,15,2,2,28,0.414,0.02,0
30,60974.17,8241.86,13874.69,17,1,11,1,0.135,0.228,0
60,38377.08,0.0,15474.59,16,2,6,16,0.0,0.403,0
58,50533.62,7062.13,2295.06,5,0,7,30,0.14,0.045,0
26,61441.86,16493.56,32270.15,12,0,8,27,0.268,0.525,0
28,48302.2,12947.72,4834.77,22,2,9,38,0.268,0.1,0
43,25133.52,3268.43,3553.29,13,0,5,29,0.13,0.141,0
46,30770.23,0.0,21058.83,29,1,11,34,0.0,0.684,0
63,66617.05,15739.33,31686.86,25,1,3,19,0.236,0.476,0
32,77849.44,9192.32,44658.26,20,6,2,15,0.118,0.574,0
46,73505.66,12419.19,26990.54,29,0,8,33,0.169,0.367,0
33,54643.12,13403.15,38957.96,9,0,1,13,0.245,0.713,0
60,25937.35,19300.66,5455.32,23,2,10,25,0.744,0.21,1
38,49872.97,23469.47,45916.87,10,2,6,19,0.471,0.921,1
45,81245.1,16465.09,1000.0,12,1,2,23,0.203,0.012,0
53,62369.77,11795.37,13953.93,11,0,3,17,0.189,0.224,0
60,45850.45,15247.64,26727.83,8,5,8,8,0.333,0.583,1
63,62572.5,11607.63,1000.0,3,3,1,18,0.186,0.016,0
32,24612.1,0.0,8875.4,6,1,6,19,0.0,0.361,0
64,36086.57,25919.46,6968.93,23,2,3,29,0.718,0.193,0
56,28316.17,24034.39,16277.35,28,2,6,25,0.849,0.575,1
24,59391.44,34883.34,37058.99,21,0,3,30,0.587,0.624,0
25,64282.07,37804.99,20201.9,1,4,11,34,0.588,0.314,0
57,46923.48,3239.8,14443.23,6,0,11,2,0.069,0.308,0
28,32541.41,11646.0,1000.0,28,0,8,39,0.358,0.031,0
62,49605.02,40115.4,25601.06,8,2,5,28,0.809,0.516,1
48,40268.4,14594.49,29480.18,4,0,4,5,0.362,0.732,1
51,34076.59,17442.11,1000.0,14,0,9,0,0.512,0.029,1
29,56779.87,0.0,19196.33,17,1,5,23,0.0,0.338,0
49,34840.16,16502.89,22316.1,3,0,12,37,0.474,0.641,1
34,18673.01,34319.4,31575.22,18,2,14,33,1.838,1.691,1
60,23117.71,27866.26,11302.78,19,2,4,6,1.205,0.489,1
61,17934.79,8900.15,9495.68,25,1,8,10,0.496,0.529,1
42,54950.24,11036.84,14522.03,6,2,8,10,0.201,0.264,0
31,53008.11,3691.0,35413.24,25,1,8,35,0.07,0.668,0
43,52010.4,6488.37,32526.15,7,1,4,19,0.125,0.625,0
21,61754.63,0.0,19743.86,16,1,13,15,0.0,0.32,0
57,73839.18,14151.8,32237.32,12,3,1,4,0.192,0.437,0
41,38154.67,30101.11,1000.0,23,2,2,23,0.789,0.026,0
46,58129.55,18554.32,29499.85,20,2,4,29,0.319,0.507,0
56,18407.69,28662.39,6574.81,27,0,10,29,1.557,0.357,1
43,77574.19,25732.49,41204.29,22,1,2,38,0.332,0.531,0
21,25103.38,9531.92,7229.06,10,1,11,36,0.38,0.288,0
60,35798.38,7404.93,9766.85,26,2,10,32,0.207,0.273,0
35,38045.81,7788.15,26749.08,0,2,14,19,0.205,0.703,0
41,19474.58,0.0,27907.45,1,3,14,21,0.0,1.433,1
29,50651.51,15323.3,14644.02,16,0,3,20,0.303,0.289,0
29,54278.08,0.0,24456.85,4,2,9,36,0.0,0.451,0
30,46211.73,20914.16,25944.56,29,1,9,26,0.453,0.561,0
46,19195.05,15718.81,24717.38,29,2,14,37,0.819,1.288,1
61,89667.72,19714.4,15145.34,5,0,11,34,0.22,0.169,0
55,60984.62,25570.16,26062.53,25,3,9,37,0.419,0.427,0
45,102684.44,16987.95,36876.44,24,1,7,39,0.165,0.359,0
46,33897.82,31315.72,5294.14,23,4,4,5,0.924,0.156,1
31,69157.64,21219.46,9919.28,6,2,1,31,0.307,0.143,0
58,65585.48,7428.73,20327.07,27,2,3,15,0.113,0.31,0
22,44188.5,12622.89,7325.31,20,1,14,27,0.286,0.166,0
27,78221.02,0.0,1000.0,29,1,8,15,0.0,0.013,0
38,41891.8,5978.1,33117.48,14,0,4,26,0.143,0.791,0
47,42782.17,11190.04,1000.0,18,5,10,2,0.262,0.023,0
54,10000.0,20462.74,15171.41,15,3,10,20,2.046,1.517,1
47,58180.56,7496.39,29107.33,24,2,2,37,0.129,0.5,0
37,23489.8,2537.36,23200.4,12,1,14,37,0.108,0.988,0
63,38985.58,0.0,15353.01,4,4,8,29,0.0,0.394,0
64,29475.61,9035.82,6830.73,2,1,7,21,0.307,0.232,0
44,42675.37,34508.52,24126.41,2,4,11,18,0.809,0.565,1
45,58877.6,17711.07,8139.27,18,1,10,30,0.301,0.138,0
27,50222.83,24395.79,23191.19,13,1,9,19,0.486,0.462,0
26,64192.83,5999.46,21691.01,15,0,2,18,0.093,0.338,0
44,75312.59,0.0,21812.39,21,2,5,1,0.0,0.29,0
53,42624.08,2789.23,12316.17,16,1,6,39,0.065,0.289,0
49,40428.66,14028.69,44420.11,26,2,13,38,0.347,1.099,1
63,69154.55,0.0,24298.48,3,1,2,26,0.0,0.351,0
42,70740.95,4934.1,16655.49,12,0,2,7,0.07,0.235,0
46,64811.82,9136.39,23171.25,7,1,13,26,0.141,0.358,0
48,30956.42,1790.75,10706.46,18,3,14,14,0.058,0.346,0
41,58453.1,0.0,15364.35,4,2,14,11,0.0,0.263,0
27,52189.41,17896.54,48703.04,1,1,10,13,0.343,0.933,1
37,71050.58,15458.71,10791.43,14,2,14,6,0.218,0.152,0
40,38542.56,22790.3,19066.73,1,2,4,16,0.591,0.495,1
61,16667.79,3895.74,14526.74,10,5,8,25,0.234,0.872,1
40,63804.74,22599.23,7524.39,12,2,14,36,0.354,0.118,0
42,10000.0,30293.04,25053.02,22,0,13,19,3.029,2.505,1
48,35369.73,17622.15,20437.67,9,1,11,9,0.498,0.578,1
60,29536.09,8900.64,30932.33,2,3,5,18,0.301,1.047,1
27,29401.31,16450.81,29726.94,4,1,9,17,0.56,1.011,1
21,35019.37,8422.13,30808.49,2,1,4,29,0.24,0.88,1
52,74347.47,6757.16,8981.56,5,4,3,29,0.091,0.121,0
33,66411.11,21832.6,27691.53,12,0,10,24,0.329,0.417,0
50,44965.39,13609.5,27983.26,9,0,8,23,0.303,0.622,1
43,72672.47,27050.96,7747.24,18,3,1,9,0.372,0.107,0
39,28754.06,10575.77,16176.61,7,1,9,1,0.368,0.563,1
52,26034.33,11588.25,2526.65,17,0,4,37,0.445,0.097,0
50,67271.93,9334.89,28035.47,2,1,11,31,0.139,0.417,0
49,61592.86,3798.17,27980.27,23,0,9,34,0.062,0.454,0
49,40794.73,23144.25,37164.35,23,0,8,36,0.567,0.911,1
50,27290.78,36857.12,17254.42,16,2,3,6,1.351,0.632,1
36,79194.64,11177.73,25417.64,7,2,3,6,0.141,0.321,0
60,15597.95,8195.04,31852.82,9,0,14,26,0.525,2.042,1
39,38031.48,7546.77,10953.3,1,1,9,9,0.198,0.288,0
38,54571.53,8202.67,9128.42,11,5,3,32,0.15,0.167,0
21,86043.3,31497.84,11325.38,22,1,4,6,0.366,0.132,0
34,57662.0,7815.19,15808.45,5,2,9,5,0.136,0.274,0
22,59606.09,9147.33,9553.35,1,1,12,5,0.153,0.16,0
48,38612.33,2596.46,11842.07,20,2,4,12,0.067,0.307,0
50,61369.6,17936.49,30570.98,22,0,11,12,0.292,0.498,0
58,52106.19,14327.7,18843.84,23,2,3,1,0.275,0.362,0
24,18230.71,3628.21,23680.38,2,2,14,18,0.199,1.299,1
21,65858.7,6071.7,13391.4,16,2,7,18,0.092,0.203,0
28,69407.87,30329.33,12603.61,28,1,6,37,0.437,0.182,0
49,66067.3,15327.08,23426.67,6,2,1,1,0.232,0.355,0
59,50666.56,16016.85,21512.75,28,0,14,25,0.316,0.425,0
23,30876.46,16056.54,29335.84,20,3,10,5,0.52,0.95,1
52,10000.0,28946.25,35619.12,4,2,8,19,2.895,3.562,1
30,53141.07,4547.86,11703.05,22,1,1,22,0.086,0.22,0
30,71638.84,11036.04,30334.21,0,4,4,14,0.154,0.423,1
39,69910.65,13310.35,7042.33,7,2,6,5,0.19,0.101,0
54,66321.46,0.0,44885.34,11,3,6,27,0.0,0.677,0
53,48515.78,5838.58,10564.35,13,1,7,34,0.12,0.218,0
43,71749.28,25466.75,28287.57,15,3,14,10,0.355,0.394,0
48,68483.24,22602.13,6953.12,9,1,11,7,0.33,0.102,0
52,41547.33,24370.67,18174.91,14,2,12,23,0.587,0.437,1
27,63531.96,9109.1,38548.8,20,1,14,20,0.143,0.607,0
49,39280.82,10343.05,10187.55,23,1,5,35,0.263,0.259,0
28,60800.48,0.0,46450.23,25,1,5,6,0.0,0.764,0
21,24017.67,24319.35,19936.69,14,2,4,4,1.013,0.83,1
23,25555.76,25966.52,31708.55,9,2,6,28,1.016,1.241,1
44,71164.14,25839.21,24835.33,20,2,7,15,0.363,0.349,0
43,68751.2,31040.91,25484.48,27,1,10,5,0.451,0.371,0
28,62672.23,19221.09,2886.64,6,1,10,13,0.307,0.046,0
57,51759.38,30568.82,14325.77,25,1,1,1,0.591,0.277,0
23,10000.0,12995.25,34351.72,2,2,9,24,1.3,3.435,1
53,48502.48,0.0,15868.15,1,0,14,30,0.0,0.327,0
48,59083.66,23607.25,21665.98,5,2,8,12,0.4,0.367,0
28,39305.34,0.0,1430.93,20,1,7,17,0.0,0.036,0
54,35750.12,16702.02,13549.08,8,1,9,16,0.467,0.379,1
55,78888.41,24553.24,33476.47,9,0,3,27,0.311,0.424,0
52,48794.22,18242.59,4608.45,3,2,10,11,0.374,0.094,0
44,59095.9,37782.43,28604.95,26,1,4,34,0.639,0.484,0
34,65482.63,0.0,22133.34,2,1,7,21,0.0,0.338,0
52,29971.26,14171.39,17168.53,8,1,6,38,0.473,0.573,1
63,53864.15,15174.55,16640.91,23,2,14,0,0.282,0.309,0
36,76392.89,1558.97,14107.64,21,2,13,36,0.02,0.185,0
24,86384.46,3462.67,15176.35,16,1,2,20,0.04,0.176,0
57,50798.73,6548.71,31156.88,13,1,2,0,0.129,0.613,0
41,45241.13,4003.53,14815.47,9,3,10,3,0.088,0.327,0
34,55380.48,13920.05,41691.08,12,1,7,31,0.251,0.753,0
51,54872.74,8970.35,23594.39,11,2,9,0,0.163,0.43,0
38,77735.16,18179.08,13084.86,26,2,11,12,0.234,0.168,0
27,30072.17,21494.3,31680.39,0,1,12,16,0.715,1.053,1
30,44402.54,20817.79,27486.75,27,1,9,11,0.469,0.619,0
27,27657.17,10898.74,1000.0,21,1,7,6,0.394,0.036,0
53,29758.1,17844.76,7586.34,28,1,11,2,0.6,0.255,0
43,57531.48,25351.29,18614.96,18,3,8,25,0.441,0.324,0
41,66197.16,19455.65,1000.0,18,1,10,30,0.294,0.015,0
39,37012.17,33589.78,45086.36,5,2,3,35,0.908,1.218,1
39,65441.9,24821.79,29866.79,12,0,1,25,0.379,0.456,0
56,72231.57,32184.07,19840.01,18,1,7,2,0.446,0.275,0
49,88694.12,0.0,15887.52,12,2,8,27,0.0,0.179,0
38,51394.94,15966.76,12804.04,26,0,2,16,0.311,0.249,0
22,37204.71,11760.67,1000.0,25,3,9,37,0.316,0.027,0
21,29950.56,13750.2,1000.0,21,3,4,29,0.459,0.033,0
25,27964.14,6950.41,42813.45,20,0,10,1,0.249,1.531,1
40,74995.61,18961.99,38883.2,3,4,11,7,0.253,0.518,1
31,19698.09,0.0,13090.67,23,1,9,13,0.0,0.665,0
62,74354.97,19034.37,30895.99,1,1,13,36,0.256,0.416,0
22,32631.18,7282.89,26077.05,14,2,3,34,0.223,0.799,0
23,36295.88,9996.14,27491.46,11,1,8,38,0.275,0.757,0
43,46968.89,19385.02,2897.87,29,1,11,10,0.413,0.062,0
32,35926.91,15787.78,1000.0,26,3,2,14,0.439,0.028,0
40,68639.6,25539.21,34191.13,6,0,14,1,0.372,0.498,0
25,86266.88,5304.96,1000.0,19,3,3,36,0.061,0.012,0
57,36851.36,14192.94,18221.68,17,1,1,31,0.385,0.494,0
58,41355.24,23887.73,15587.57,22,0,5,39,0.578,0.377,0
50,46733.58,18612.0,14478.19,12,0,4,12,0.398,0.31,0
29,60821.14,19255.94,23773.41,16,2,13,16,0.317,0.391,1
54,46930.31,26080.43,11868.89,3,2,1,14,0.556,0.253,1
64,77745.15,10937.58,24748.83,24,1,10,32,0.141,0.318,0
55,72932.48,8831.69,21693.86,13,3,9,15,0.121,0.297,0
42,26290.75,20759.04,45184.79,19,0,6,12,0.79,1.719,1
64,60419.36,13505.69,3375.09,27,2,6,21,0.224,0.056,0
44,80406.78,26222.04,20351.23,12,3,14,22,0.326,0.253,0
37,40104.38,18697.73,25176.14,2,2,11,35,0.466,0.628,1
30,44114.7,8766.49,16923.17,25,1,2,9,0.199,0.384,0
50,39439.26,18383.84,3955.1,25,1,14,16,0.466,0.1,0
43,39858.49,5973.0,35085.23,17,3,7,29,0.15,0.88,1
52,16630.97,24469.28,24043.21,13,1,12,12,1.471,1.446,1
37,23433.7,1028.48,4797.24,14,2,12,29,0.044,0.205,0
37,51549.47,27220.65,25264.02,2,1,9,29,0.528,0.49,0
34,80271.96,18208.77,40418.79,0,1,6,6,0.227,0.504,0
29,37732.78,13354.39,19564.21,25,2,11,9,0.354,0.518,0
60,37144.85,22633.34,19973.45,23,2,8,34,0.609,0.538,0
22,84030.42,20113.27,38816.06,16,0,12,1,0.239,0.462,0
45,27834.85,28303.82,8355.39,2,1,5,29,1.017,0.3,1
59,16775.14,28210.62,40730.62,13,1,2,18,1.682,2.428,1
29,33429.69,18522.9,31674.93,2,0,13,38,0.554,0.948,1
42,36744.31,6282.29,8909.37,12,2,4,36,0.171,0.242,0
63,15050.94,9584.91,11980.77,14,0,12,2,0.637,0.796,1
24,47439.17,14283.53,13702.25,17,2,1,24,0.301,0.289,0
46,68968.93,25817.22,1000.0,13,1,1,33,0.374,0.014,0
49,24280.9,10436.14,23125.66,20,0,6,21,0.43,0.952,1
54,51751.56,11270.59,9452.64,25,3,2,37,0.218,0.183,0
43,57918.71,33483.51,23558.62,2,0,6,13,0.578,0.407,0
57,48332.31,13957.01,4508.68,18,1,1,38,0.289,0.093,0
31,53713.85,8652.68,31076.16,7,1,11,1,0.161,0.579,0
26,53946.55,22766.46,28851.51,3,1,10,31,0.422,0.535,0
38,33745.44,14438.66,11529.45,3,2,3,2,0.428,0.342,1
41,79971.65,1104.01,24315.79,18,0,14,7,0.014,0.304,0
62,74955.14,25409.14,20995.05,10,1,9,25,0.339,0.28,0
56,73798.23,7529.61,37787.59,0,2,2,31,0.102,0.512,0
61,70273.51,15435.86,7610.25,7,3,8,10,0.22,0.108,0
58,18500.41,14318.61,18172.42,14,0,6,0,0.774,0.982,1
54,68521.25,17301.01,12311.8,0,1,12,14,0.252,0.18,0
37,63112.03,0.0,20537.82,6,1,6,3,0.0,0.325,0
57,19269.53,11649.01,26399.28,20,1,7,3,0.605,1.37,1
45,45701.79,26248.37,12178.31,19,1,5,27,0.574,0.266,0
58,55535.87,27654.46,15630.73,19,2,12,9,0.498,0.281,0
32,83286.34,5087.1,31592.49,23,3,11,10,0.061,0.379,0
43,64494.48,24205.98,36287.9,10,1,4,22,0.375,0.563,0
62,32708.69,7385.7,25922.19,26,0,6,2,0.226,0.793,1
42,83907.77,11254.68,18344.44,28,1,8,38,0.134,0.219,0
41,50875.6,11780.16,17202.84,13,0,4,38,0.232,0.338,0
47,44883.18,16088.04,26577.52,21,1,5,16,0.358,0.592,0
51,43457.64,25013.66,22733.2,15,1,7,21,0.576,0.523,0
26,17528.9,17645.85,1000.0,13,3,6,26,1.007,0.057,1
47,47804.61,13738.68,26868.62,11,1,13,15,0.287,0.562,0
60,59949.71,24673.11,9673.16,16,3,4,15,0.412,0.161,0
54,42292.33,6973.39,2996.76,13,0,13,39,0.165,0.071,0
32,58409.05,14227.83,1000.0,9,1,4,2,0.244,0.017,0
27,32712.18,24957.81,17406.75,23,1,10,32,0.763,0.532,1
30,47181.44,20293.06,7801.71,28,3,4,1,0.43,0.165,0
37,56330.81,10336.96,1000.0,13,0,1,38,0.184,0.018,0
46,53793.22,0.0,15698.53,17,2,5,26,0.0,0.292,0
41,17890.7,18108.58,14113.15,21,3,8,14,1.012,0.789,1
48,41219.88,0.0,18201.19,8,3,7,6,0.0,0.442,0
22,83549.26,12874.99,12453.22,16,1,5,8,0.154,0.149,0
63,40151.08,26789.48,41951.96,5,3,3,5,0.667,1.045,1
21,50316.15,20967.59,26208.05,7,1,11,11,0.417,0.521,1
56,48264.88,0.0,14004.64,25,0,1,29,0.0,0.29,0
46,81364.8,17004.52,19236.48,12,1,13,19,0.209,0.236,0
49,75807.36,11808.3,36975.71,17,0,7,19,0.156,0.488,0
41,66150.62,2262.83,31479.47,4,2,13,26,0.034,0.476,0
31,30535.15,18350.21,3245.46,5,1,11,19,0.601,0.106,1
60,57183.66,10082.62,8308.51,20,1,3,6,0.176,0.145,0
31,61358.83,10144.66,10617.84,18,2,4,39,0.165,0.173,0
56,36027.9,16240.45,14723.6,3,1,14,39,0.451,0.409,1
59,32589.66,8741.15,12854.92,6,2,5,29,0.268,0.394,0
60,84100.28,15957.36,20408.11,3,1,13,7,0.19,0.243,0
55,43983.93,9066.75,28828.66,24,3,12,1,0.206,0.655,0
54,82299.54,9615.39,30831.92,10,1,8,13,0.117,0.375,0
44,69941.88,24929.3,16078.43,11,0,13,9,0.356,0.23,0
42,58157.54,25946.72,1000.0,13,4,7,17,0.446,0.017,0
25,59050.63,0.0,7515.08,12,1,9,17,0.0,0.127,0
53,21991.61,22470.73,13762.7,28,0,11,15,1.022,0.626,1
56,54135.5,28985.91,5059.59,9,4,3,4,0.535,0.093,1
40,78340.41,30573.77,33690.31,17,0,14,30,0.39,0.43,0
39,63626.79,20203.8,5845.51,15,2,11,36,0.318,0.092,0
55,53086.73,4426.02,27404.76,4,2,10,19,0.083,0.516,0
63,84238.74,21299.81,1000.0,7,0,1,22,0.253,0.012,0
37,46299.19,6307.48,27886.41,13,1,1,31,0.136,0.602,0
63,37608.89,11570.35,18328.78,4,2,12,16,0.308,0.487,1
54,53076.64,18830.82,38150.37,25,1,10,12,0.355,0.719,0
29,65329.35,6952.41,6421.25,27,1,13,12,0.106,0.098,0
46,15644.12,3536.0,13230.62,23,3,14,16,0.226,0.846,1
22,55697.37,19657.73,15554.81,7,2,1,14,0.353,0.279,0
29,66206.9,33672.24,18170.0,24,3,2,25,0.509,0.274,0
29,44607.17,27432.34,15848.23,25,1,2,27,0.615,0.355,0
60,72139.3,22071.86,16079.86,5,3,7,29,0.306,0.223,0
37,62823.73,24791.85,15883.25,15,1,9,34,0.395,0.253,0
21,92827.66,21377.19,1000.0,27,1,8,21,0.23,0.011,0
45,34987.94,19499.0,31920.01,3,5,4,9,0.557,0.912,1
63,66614.2,23986.18,54333.64,11,2,2,10,0.36,0.816,1
60,29653.52,1316.37,23579.25,10,3,3,37,0.044,0.795,0
62,17692.67,16994.85,6370.99,2,2,10,32,0.961,0.36,1
45,10000.0,14190.52,7585.54,11,2,5,5,1.419,0.759,1
59,60766.48,15789.03,27358.09,29,4,9,36,0.26,0.45,0
55,53684.96,10386.28,24625.63,4,4,8,6,0.193,0.459,0
23,40418.98,20204.88,16588.52,5,0,13,11,0.5,0.41,1
57,14529.91,6820.72,29040.85,18,3,12,6,0.469,1.999,1
64,36192.27,9661.45,1000.0,17,1,14,1,0.267,0.028,0
64,50081.86,8461.2,29048.75,15,1,3,0,0.169,0.58,0
50,65863.39,23639.47,22853.13,22,2,9,22,0.359,0.347,0
58,49669.28,14882.76,8048.62,10,0,10,24,0.3,0.162,0
54,55041.21,10391.68,2800.11,4,0,3,17,0.189,0.051,0
32,42477.35,11265.7,21455.93,8,2,10,6,0.265,0.505,1
39,84984.48,15038.81,36886.86,2,2,12,2,0.177,0.434,0
57,29635.01,31221.75,17262.88,29,0,14,28,1.054,0.583,1
64,36015.24,2634.8,9767.78,7,1,8,9,0.073,0.271,0
37,40152.84,21755.1,22295.46,5,2,1,4,0.542,0.555,1
30,60854.09,19718.62,41850.46,3,1,4,33,0.324,0.688,0
32,29222.8,6170.35,25175.6,11,1,4,7,0.211,0.862,1
36,52714.37,29668.73,26472.82,11,3,6,13,0.563,0.502,1
44,53298.2,20392.8,34673.58,24,2,12,39,0.383,0.651,0
39,36112.84,9922.67,25670.69,20,1,12,5,0.275,0.711,1
28,56599.59,0.0,10628.36,15,1,2,0,0.0,0.188,0
51,29843.72,17291.47,1000.0,9,2,7,32,0.579,0.034,1
41,27658.52,14552.54,8940.16,21,1,5,39,0.526,0.323,0
37,51992.12,4692.87,6743.28,13,0,10,10,0.09,0.13,0
43,16804.89,4563.86,27911.7,12,0,6,23,0.272,1.661,1
57,10000.0,23685.1,29580.18,8,2,11,9,2.369,2.958,1
36,60656.67,0.0,22106.86,6,0,14,22,0.0,0.364,0
26,70979.4,18142.83,4775.7,11,1,6,15,0.256,0.067,0
28,40663.94,13125.63,41439.16,4,1,14,36,0.323,1.019,1
45,36638.59,19971.55,15005.48,17,2,14,15,0.545,0.41,1
38,70110.7,12056.95,27241.77,3,1,12,30,0.172,0.389,0
45,27089.24,17932.75,20591.9,1,0,14,5,0.662,0.76,1
32,22732.55,7572.25,22503.96,2,2,11,29,0.333,0.99,1
35,64152.73,14507.95,26818.21,25,1,6,36,0.226,0.418,0
46,50180.76,19890.84,11647.76,11,3,10,0,0.396,0.232,1
61,71297.53,16508.72,35664.83,2,0,12,24,0.232,0.5,0
46,10000.0,18803.07,1045.93,3,1,8,20,1.88,0.105,1
52,21986.52,5720.79,7537.32,5,2,10,34,0.26,0.343,0
30,50286.64,9093.25,35509.15,11,3,4,37,0.181,0.706,0
36,58353.47,9266.6,27080.06,18,4,10,4,0.159,0.464,0
27,66939.94,12235.1,50484.69,9,1,8,11,0.183,0.754,0
37,53496.36,28585.83,20820.21,29,0,9,4,0.534,0.389,0
43,53293.1,11458.21,40405.15,0,3,13,8,0.215,0.758,1
46,42211.97,3564.41,1000.0,16,1,13,8,0.084,0.024,0
41,81818.1,20416.46,3037.82,15,0,4,34,0.25,0.037,0
42,27939.53,28466.43,30746.31,8,1,1,0,1.019,1.1,1
27,57180.4,2387.88,1000.0,24,0,3,9,0.042,0.017,0
34,30243.82,34728.11,17631.59,20,0,1,38,1.148,0.583,1
35,60695.57,19151.77,34006.51,8,1,7,35,0.316,0.56,0
27,29259.65,25338.91,26014.06,26,3,12,36,0.866,0.889,1
29,64876.31,29670.72,20133.14,22,5,1,34,0.457,0.31,0
28,52242.1,24726.18,14610.71,8,1,11,16,0.473,0.28,1
43,84892.78,13894.64,22426.71,11,2,4,12,0.164,0.264,0
49,44379.61,27176.98,26926.98,22,0,13,5,0.612,0.607,0
38,58499.32,17546.0,12069.27,8,2,14,36,0.3,0.206,0
51,34406.87,25904.85,24460.83,14,2,1,31,0.753,0.711,1
50,44242.14,26998.75,32941.17,1,1,13,10,0.61,0.745,1
59,52114.99,4091.03,17330.26,10,1,13,16,0.079,0.333,0
55,19455.6,22943.01,20817.47,10,4,2,4,1.179,1.07,1
38,21647.52,13181.08,25805.35,7,3,11,5,0.609,1.192,1
62,61997.19,16381.91,26616.01,22,3,14,9,0.264,0.429,0
59,47078.26,16270.93,30541.44,5,0,1,32,0.346,0.649,0
37,38141.47,15869.7,7827.5,20,2,13,29,0.416,0.205,0
34,35260.28,30235.25,13652.93,19,2,5,20,0.857,0.387,1
51,36030.22,1335.52,14097.46,6,1,7,16,0.037,0.391,0
44,52251.01,0.0,9153.05,2,2,3,26,0.0,0.175,0
55,58900.72,0.0,1000.0,7,2,14,2,0.0,0.017,0
64,10000.0,25691.44,1000.0,17,2,8,28,2.569,0.1,1
54,78256.68,7265.63,34345.43,16,3,14,1,0.093,0.439,0
23,76834.02,16321.86,1353.28,10,4,5,28,0.212,0.018,0
57,10000.0,13852.83,38798.11,1,3,5,35,1.385,3.88,1
63,71718.53,6136.25,28872.91,24,1,13,33,0.086,0.403,0
60,71104.38,23514.77,15131.74,20,0,5,36,0.331,0.213,0
46,50008.91,13725.37,27397.07,26,3,8,0,0.274,0.548,0
43,24056.63,12622.65,25101.6,23,0,2,25,0.525,1.043,1
64,70304.56,17328.71,6778.71,18,0,2,0,0.246,0.096,0
59,45175.38,22207.72,19820.27,6,2,14,3,0.492,0.439,1
35,60977.58,5410.24,8241.93,17,0,12,38,0.089,0.135,0
24,94384.03,23729.18,27849.54,7,2,8,13,0.251,0.295,0
49,55036.74,29498.54,11417.35,13,1,9,17,0.536,0.207,0
42,31662.31,738.78,18840.45,6,3,11,33,0.023,0.595,0
45,43285.38,17782.99,18322.41,27,2,12,0,0.411,0.423,1
33,34211.09,11950.78,21458.95,20,6,10,21,0.349,0.627,1
38,58669.79,21992.31,39950.66,27,1,10,15,0.375,0.681,0
53,33878.65,2833.41,17108.47,26,0,2,21,0.084,0.505,0
36,40542.97,31289.38,34615.13,3,5,4,15,0.772,0.854,1
62,24311.39,0.0,25759.96,16,0,8,27,0.0,1.06,0
64,47358.26,12557.19,37020.83,4,2,2,27,0.265,0.782,1
22,53535.1,19342.96,15938.77,11,0,4,21,0.361,0.298,0
55,10000.0,8136.63,28353.63,8,4,10,5,0.814,2.835,1
62,55191.47,6565.98,19288.78,25,1,13,24,0.119,0.349,0
54,49086.0,17222.36,1000.0,19,1,13,1,0.351,0.02,0
50,34700.16,15777.6,6921.88,12,2,1,6,0.455,0.199,0
33,90572.58,15059.38,26988.52,24,0,2,16,0.166,0.298,0
33,69169.53,23586.89,26195.18,27,1,7,34,0.341,0.379,0
38,28071.95,11055.27,4460.27,17,3,1,19,0.394,0.159,0
52,66764.74,18195.93,22644.41,19,2,12,1,0.273,0.339,0
52,74889.96,9933.97,26039.12,8,2,1,6,0.133,0.348,0
55,52640.42,6506.71,19584.01,3,1,2,31,0.124,0.372,0
59,57228.84,12152.41,28745.82,20,1,4,18,0.212,0.502,0
49,56766.93,10012.35,27110.66,26,0,7,11,0.176,0.478,0
49,10000.0,10511.96,19578.28,7,0,4,8,1.051,1.958,1
64,46262.61,26653.27,13870.1,0,0,5,26,0.576,0.3,0
36,45221.74,12458.97,32510.5,16,2,4,13,0.276,0.719,0
64,78603.11,8370.93,25557.95,24,0,4,1,0.106,0.325,0
30,56674.56,15280.79,3422.81,8,7,9,20,0.27,0.06,0
50,44047.78,16042.28,22650.77,19,1,6,3,0.364,0.514,0
45,48197.51,3131.19,6187.7,12,3,12,20,0.065,0.128,0
59,70467.71,12015.94,8425.18,1,1,3,21,0.171,0.12,0
40,46308.31,11613.16,12177.08,12,1,6,1,0.251,0.263,0
25,36036.09,13278.56,20538.48,8,0,13,16,0.368,0.57,1
21,44485.96,22255.28,24493.83,29,2,7,18,0.5,0.551,0
50,68813.92,16366.72,15092.7,19,1,7,39,0.238,0.219,0
23,59923.3,27279.37,15617.81,5,3,8,23,0.455,0.261,0
34,50885.36,14883.4,13961.08,27,2,13,19,0.292,0.274,0
50,53830.79,32760.87,32570.16,0,1,4,37,0.609,0.605,1
24,38805.15,10392.25,1000.0,27,2,1,11,0.268,0.026,0
38,46121.01,7304.38,16295.87,24,1,6,24,0.158,0.353,0
57,36733.91,20473.03,38539.82,4,4,8,22,0.557,1.049,1
45,44104.41,28640.82,26206.76,2,2,5,33,0.649,0.594,1
21,76923.57,1211.97,35202.17,3,1,13,31,0.016,0.458,0
35,28442.56,13030.09,1000.0,0,0,3,23,0.458,0.035,0
29,36225.65,8892.18,5093.01,13,2,4,24,0.245,0.141,0
35,24914.02,16428.51,26168.58,8,0,8,2,0.659,1.05,1
44,20581.82,15100.18,38607.57,29,2,6,24,0.734,1.876,1
24,46264.56,28453.81,6305.17,23,1,13,27,0.615,0.136,0
32,37647.82,13915.95,15346.86,3,0,13,11,0.37,0.408,0
57,85233.78,28747.84,24817.57,17,2,5,25,0.337,0.291,0
57,44343.07,11849.0,2570.02,13,2,13,7,0.267,0.058,0
63,75787.94,24264.82,26260.3,24,0,9,4,0.32,0.346,0
26,69360.13,17286.63,1000.0,3,0,10,10,0.249,0.014,0
59,45820.92,32298.85,25906.87,24,1,3,34,0.705,0.565,0
44,92202.71,229.85,8058.98,9,1,7,26,0.002,0.087,0
31,55370.68,3361.42,14628.83,2,3,9,37,0.061,0.264,0
33,80260.19,33316.22,27822.61,22,2,11,18,0.415,0.347,0
54,77931.94,7667.35,25367.03,6,2,13,31,0.098,0.326,0
45,58292.96,8301.97,19904.23,9,1,11,27,0.142,0.341,0
27,65022.62,6242.76,31628.49,12,2,12,35,0.096,0.486,0
24,62481.43,26484.46,1000.0,3,0,4,17,0.424,0.016,0
28,27114.77,2465.42,22452.97,17,1,10,9,0.091,0.828,0
40,51145.81,15224.5,10517.96,10,0,10,31,0.298,0.206,0
49,71484.94,12343.78,31016.38,24,4,3,17,0.173,0.434,0
30,80523.73,25365.16,28244.8,3,1,1,11,0.315,0.351,0
63,35587.21,9363.17,28680.18,23,2,9,7,0.263,0.806,1
54,60576.63,19152.73,39744.58,13,2,13,32,0.316,0.656,0
46,53017.4,3287.84,33516.17,17,2,1,37,0.062,0.632,0
61,47642.52,37739.41,18110.94,7,1,2,13,0.792,0.38,1
23,57120.05,12604.08,19984.79,26,0,9,1,0.221,0.35,0
26,54359.95,15087.63,27211.26,9,1,5,8,0.278,0.501,0
25,60828.15,31547.54,21634.1,4,1,4,4,0.519,0.356,0
25,78834.34,9133.27,28462.08,22,1,9,33,0.116,0.361,0
43,65682.55,31673.82,1000.0,6,3,9,18,0.482,0.015,0
29,56211.83,10885.29,42569.64,11,2,2,6,0.194,0.757,1
55,87292.5,21716.98,20732.34,24,3,3,38,0.249,0.238,0
40,72198.59,9273.18,1000.0,2,1,12,16,0.128,0.014,0
62,48152.03,1439.64,9034.48,25,1,3,25,0.03,0.188,0
55,25657.59,19145.94,1000.0,3,3,5,26,0.746,0.039,1
38,30243.39,21399.03,6917.18,9,0,13,27,0.708,0.229,1
37,68664.65,1841.14,18293.02,3,2,3,19,0.027,0.266,0
44,37393.75,11929.42,38176.58,14,1,10,5,0.319,1.021,1
23,29838.89,27007.59,24928.1,28,1,6,7,0.905,0.835,1
52,34838.29,21001.19,22794.33,9,2,2,31,0.603,0.654,1
55,36252.31,11047.85,6378.75,20,2,6,18,0.305,0.176,0
58,67012.95,9024.74,10106.18,29,0,6,31,0.135,0.151,0
33,46865.16,34482.44,11036.87,21,0,2,18,0.736,0.236,0
45,22552.51,530.68,11526.46,15,3,6,23,0.024,0.511,0
29,50620.9,14408.01,15781.56,14,1,6,23,0.285,0.312,0
24,54445.32,353.03,16687.87,18,0,6,16,0.006,0.307,0
34,40413.26,28148.15,15931.06,28,1,12,17,0.697,0.394,0
57,73117.7,14928.76,11944.11,19,0,13,11,0.204,0.163,0
54,41581.22,16781.74,21620.64,18,1,14,22,0.404,0.52,0
31,72166.75,42688.92,16227.02,17,3,5,17,0.592,0.225,0
61,61935.66,9065.27,1000.0,25,1,7,15,0.146,0.016,0
23,68532.11,32485.76,20412.58,11,0,13,15,0.474,0.298,0
48,28028.98,11092.68,18598.83,24,1,12,35,0.396,0.664,1
49,51966.2,12664.88,1044.47,15,0,5,22,0.244,0.02,0
29,48943.44,41381.75,12904.38,0,3,11,21,0.846,0.264,1
23,21559.87,13389.1,27164.87,15,2,1,38,0.621,1.26,1
45,72101.21,1256.29,6362.6,1,0,12,32,0.017,0.088,0
54,33651.98,17819.19,5093.85,23,3,9,23,0.53,0.151,0
32,37808.64,13272.63,16101.4,14,2,3,19,0.351,0.426,0
62,29733.68,18670.96,27475.19,6,0,2,32,0.628,0.924,1
29,64023.73,13664.02,41723.93,27,1,10,30,0.213,0.652,0
35,19481.41,37155.45,27907.22,0,5,6,39,1.907,1.433,1
60,62357.5,20567.36,33017.93,4,1,8,7,0.33,0.529,0
45,70890.28,4250.35,24160.37,9,0,2,9,0.06,0.341,0
25,60743.57,16245.47,11778.61,21,1,4,0,0.267,0.194,0
31,64252.57,7003.7,27820.53,20,1,2,20,0.109,0.433,0
54,65190.93,12522.86,18972.7,3,2,12,24,0.192,0.291,0
44,31011.51,5895.59,24524.41,13,1,12,31,0.19,0.791,0
35,78694.7,36071.19,8647.64,12,2,9,9,0.458,0.11,0
58,40798.47,8086.15,25597.35,0,1,10,8,0.198,0.627,1
28,48672.25,21875.64,18553.9,15,3,13,19,0.449,0.381,1
25,43347.25,11765.21,22775.09,22,0,2,19,0.271,0.525,0
46,59830.84,3415.87,18979.12,8,1,10,39,0.057,0.317,0
38,39239.26,16976.49,16673.56,21,0,2,6,0.433,0.425,0
26,51338.31,19006.92,25816.29,15,1,14,10,0.37,0.503,0
57,25293.12,20586.27,15126.91,18,4,13,20,0.814,0.598,1
33,73293.3,0.0,1000.0,14,1,5,37,0.0,0.014,0
48,63414.82,2651.54,1000.0,25,1,12,18,0.042,0.016,0
25,44154.8,24575.55,22213.0,13,0,5,14,0.557,0.503,0
33,40617.02,5763.93,14633.39,19,3,12,5,0.142,0.36,0
37,62892.56,17029.44,1000.0,9,2,7,9,0.271,0.016,0
60,35854.13,2419.75,21278.42,20,0,1,15,0.067,0.593,0
52,52507.31,22316.01,18873.51,11,2,12,10,0.425,0.359,1
49,73227.98,24312.7,14004.64,27,0,2,34,0.332,0.191,0
23,33774.86,22319.1,22961.71,0,0,11,7,0.661,0.68,1
60,57372.02,25325.57,35781.13,20,2,11,27,0.441,0.624,0
54,56314.51,30639.0,35415.09,16,2,6,2,0.544,0.629,1
60,48053.26,3259.26,21725.18,8,0,2,1,0.068,0.452,0
47,39924.21,7113.28,18983.47,22,2,4,13,0.178,0.475,0
33,74295.94,23975.44,21892.82,18,3,10,28,0.323,0.295,0
53,38048.63,26302.2,23708.08,24,1,6,2,0.691,0.623,1
26,13759.22,8256.57,16780.42,17,1,13,0,0.6,1.22,1
44,62810.67,7561.14,22094.52,27,1,12,14,0.12,0.352,0
39,25973.93,8477.87,1116.45,6,2,7,19,0.326,0.043,1
36,63837.62,0.0,20976.19,8,2,10,21,0.0,0.329,0
60,76698.06,2285.89,25721.76,21,2,5,33,0.03,0.335,0
48,62595.0,2527.07,14121.9,25,2,8,32,0.04,0.226,0
53,71428.23,12059.02,18854.33,20,2,6,8,0.169,0.264,0
61,90400.98,17708.37,6661.94,11,2,5,2,0.196,0.074,0
33,69335.21,19334.73,4996.24,6,0,4,1,0.279,0.072,0
63,56611.47,9914.38,22529.78,13,1,6,3,0.175,0.398,0
45,82678.96,10160.13,11245.24,14,3,6,15,0.123,0.136,0
62,85095.51,16236.61,1000.0,14,1,6,32,0.191,0.012,0
56,85375.44,39.85,6658.66,5,3,1,8,0.0,0.078,0
47,40157.13,24594.41,8403.45,20,0,6,39,0.612,0.209,0
58,22919.63,27853.85,29294.97,13,3,1,37,1.215,1.278,1
27,38936.16,8744.19,22149.37,1,3,5,17,0.225,0.569,1
25,64072.83,11015.64,9540.77,7,2,7,15,0.172,0.149,0
63,53183.18,27433.12,12946.81,12,0,1,7,0.516,0.243,0
51,45870.38,13769.48,35745.01,22,1,13,22,0.3,0.779,0
43,61209.63,20882.45,31233.23,5,1,1,35,0.341,0.51,0
62,20583.9,14076.95,6583.27,4,3,13,2,0.684,0.32,1
30,52823.39,30563.07,33962.31,4,1,13,14,0.579,0.643,1
52,72369.15,19900.8,19032.45,24,2,6,37,0.275,0.263,0
63,60986.31,20476.56,29595.34,0,0,7,32,0.336,0.485,0
50,63836.2,20663.07,18040.3,8,1,6,17,0.324,0.283,0
59,81947.46,9448.86,34229.95,5,1,5,22,0.115,0.418,0
51,48677.13,10367.61,6084.55,19,1,6,2,0.213,0.125,0
38,36938.17,22692.46,16934.59,25,2,13,29,0.614,0.458,0
56,73790.3,16264.13,34597.52,29,1,14,16,0.22,0.469,0
22,73422.41,3223.89,1000.0,6,0,3,31,0.044,0.014,0
34,61165.83,33731.04,19447.26,8,0,9,6,0.551,0.318,1
33,46792.58,24780.72,15277.44,4,0,5,38,0.53,0.326,0
49,50027.59,15376.26,28215.93,13,7,2,13,0.307,0.564,1
32,24464.54,12264.99,32838.96,4,0,14,14,0.501,1.342,1
59,72258.93,16986.76,28763.41,7,3,14,11,0.235,0.398,0
22,71553.03,20175.2,22892.0,6,2,12,7,0.282,0.32,0
52,23766.34,0.0,20486.77,12,2,10,15,0.0,0.862,0
33,67352.64,36123.5,15887.47,12,1,10,33,0.536,0.236,0
47,58082.03,7101.16,22519.67,7,2,7,23,0.122,0.388,0
61,29560.52,14980.94,37515.86,10,1,3,28,0.507,1.269,1
37,25880.0,15348.67,10033.85,27,0,1,15,0.593,0.388,0
60,57469.87,34968.5,15175.02,25,1,3,4,0.608,0.264,0
51,42045.92,14118.76,19093.88,17,2,9,4,0.336,0.454,0
54,86398.98,30885.07,32011.19,24,0,5,29,0.357,0.371,0
44,69051.97,19067.27,22679.63,18,1,7,4,0.276,0.328,0
55,59473.86,5381.15,31801.78,5,3,3,12,0.09,0.535,0
26,60461.58,16347.07,32409.32,21,1,4,34,0.27,0.536,0
39,76617.34,13814.91,27104.44,1,3,1,24,0.18,0.354,0
50,66930.36,4159.3,7232.08,27,1,3,13,0.062,0.108,0
27,59995.33,18577.23,39933.13,12,0,7,25,0.31,0.666,1
30,30394.78,15221.03,36948.57,22,0,4,17,0.501,1.216,1
61,111238.94,20564.22,20762.48,24,2,2,19,0.185,0.187,0
52,27936.34,16933.53,3418.76,27,0,14,33,0.606,0.122,0
54,43749.15,8488.97,1274.02,25,1,5,6,0.194,0.029,0
48,16905.43,22683.34,23051.79,10,2,5,9,1.342,1.364,1
35,60775.96,8756.02,11578.99,0,2,2,14,0.144,0.191,0
50,53022.21,0.0,1000.0,23,1,11,16,0.0,0.019,0
57,65305.53,16286.53,1047.61,1,1,6,10,0.249,0.016,0
49,15218.69,9459.26,14360.21,29,2,10,33,0.622,0.944,1
42,72258.11,18821.31,22339.15,16,2,4,26,0.26,0.309,0
24,33851.29,34988.72,36868.56,7,2,14,20,1.034,1.089,1
40,47019.9,35277.4,25810.65,1,1,1,30,0.75,0.549,1
52,68631.43,13348.77,15423.15,5,2,3,3,0.194,0.225,0
56,55225.33,6734.85,24559.39,21,2,14,16,0.122,0.445,0
24,56638.85,20846.83,23486.81,4,0,9,19,0.368,0.415,0
47,65983.58,11297.74,28874.54,15,0,10,24,0.171,0.438,0
37,58575.81,18917.77,19520.69,7,2,7,39,0.323,0.333,0
32,43177.84,8391.39,32434.37,18,0,13,22,0.194,0.751,0
42,46670.62,17506.92,29893.42,15,2,6,14,0.375,0.641,0
37,54237.57,6880.26,20992.4,12,2,14,32,0.127,0.387,0
30,32088.88,26842.53,18569.31,25,2,1,18,0.837,0.579,1
21,69920.17,9100.22,31036.98,19,2,9,14,0.13,0.444,0
42,55773.08,21611.03,11438.31,6,1,13,4,0.387,0.205,0
46,51495.53,2352.33,1920.65,15,0,9,15,0.046,0.037,0
38,73849.93,22811.74,1852.42,22,1,1,31,0.309,0.025,0
34,47597.73,5336.16,10443.51,15,1,14,21,0.112,0.219,0
49,46351.58,17611.77,27915.83,28,1,13,31,0.38,0.602,0
32,40307.42,25232.01,14926.41,11,1,13,12,0.626,0.37,1
56,56861.34,13000.17,22454.19,13,1,6,37,0.229,0.395,0
55,56169.0,4708.33,14056.45,23,0,7,25,0.084,0.25,0
32,36674.32,19968.13,14151.71,17,0,2,16,0.544,0.386,1
27,46446.12,6590.19,7694.44,26,2,10,4,0.142,0.166,0
49,36807.95,10957.54,18897.25,27,2,8,32,0.298,0.513,0
31,35902.63,17654.63,17898.04,17,0,8,26,0.492,0.499,0
53,15402.04,28606.76,24951.98,15,2,6,4,1.857,1.62,1
26,45381.79,15265.53,23452.37,19,1,9,36,0.336,0.517,0
35,15955.73,15228.58,17634.23,15,1,3,6,0.954,1.105,1
52,40743.69,22375.13,1926.93,12,1,2,17,0.549,0.047,0
31,37746.11,15503.72,32846.95,25,1,2,30,0.411,0.87,0
43,71037.9,21355.3,18979.47,28,3,6,5,0.301,0.267,0
46,29701.3,25785.34,20955.71,8,2,7,1,0.868,0.706,1
54,34776.27,11722.63,39205.94,25,0,6,12,0.337,1.127,1
54,42369.52,0.0,30898.67,27,3,11,10,0.0,0.729,0
49,38397.13,6820.73,25357.39,8,1,3,25,0.178,0.66,0
24,77385.1,27086.82,19972.33,12,2,5,20,0.35,0.258,0
37,27228.65,14662.35,19860.25,28,4,8,1,0.538,0.729,1
55,42411.91,11608.7,22881.37,3,3,6,39,0.274,0.54,0
33,56641.3,26667.85,24882.88,8,1,2,19,0.471,0.439,0
61,67623.67,13986.75,40536.82,14,1,7,16,0.207,0.599,0
59,42395.17,0.0,49679.19,13,0,8,15,0.0,1.172,0
35,11638.01,0.0,23483.13,18,4,4,4,0.0,2.018,1
49,46997.92,19186.48,1000.0,11,0,12,13,0.408,0.021,0
49,77040.57,14331.09,8579.07,20,2,1,23,0.186,0.111,0
31,55643.75,29546.56,41737.96,25,3,2,3,0.531,0.75,1
52,54728.36,7667.31,28623.83,24,3,4,23,0.14,0.523,0
22,28739.64,11904.99,25112.56,5,2,7,8,0.414,0.874,1
34,26686.57,6154.97,17997.95,2,0,2,2,0.231,0.674,0
40,50360.83,9794.06,5731.74,25,2,6,8,0.194,0.114,0
42,21472.42,0.0,40133.48,24,0,2,17,0.0,1.869,1
31,65627.24,11143.15,10121.48,21,2,12,35,0.17,0.154,0
47,33067.08,14481.31,28751.74,19,1,7,18,0.438,0.869,1
23,49506.85,13636.69,4391.58,15,0,2,23,0.275,0.089,0
37,12284.66,36495.53,17415.82,29,2,3,3,2.971,1.418,1
64,42123.96,33334.85,31915.49,19,1,9,8,0.791,0.758,1
48,26282.79,7491.01,17003.67,23,1,13,32,0.285,0.647,0
49,10000.0,0.0,15578.6,22,1,4,0,0.0,1.558,1
41,60836.84,14008.0,20127.64,16,1,14,34,0.23,0.331,0
36,82823.19,18765.1,3967.97,15,3,5,9,0.227,0.048,0
57,72589.47,6395.16,1710.24,5,3,9,11,0.088,0.024,0
40,63633.81,6890.24,28570.84,7,3,7,17,0.108,0.449,0
26,41717.58,30825.55,14933.48,18,4,8,13,0.739,0.358,1
39,66117.8,12424.48,28477.82,29,1,11,9,0.188,0.431,0
25,74477.06,21622.5,33418.2,24,1,3,9,0.29,0.449,0
23,52736.44,5696.94,34383.71,25,2,11,17,0.108,0.652,0
21,26312.8,14430.6,1000.0,1,0,11,23,0.548,0.038,0
58,40012.31,11636.62,11626.05,13,3,4,0,0.291,0.291,1
35,84053.93,8246.27,26451.02,21,2,7,29,0.098,0.315,0
54,48505.12,26553.0,26636.02,11,0,4,14,0.547,0.549,1
55,10000.0,1111.23,46993.25,16,2,2,7,0.111,4.699,1
45,20621.53,18000.57,9108.64,27,1,14,34,0.873,0.442,1
44,41511.03,11448.78,34018.02,26,2,10,17,0.276,0.819,1
32,70716.5,19148.24,24467.3,14,2,6,15,0.271,0.346,0
38,44537.55,11584.23,1000.0,17,1,9,20,0.26,0.022,0
35,71088.63,23671.93,13426.22,15,1,2,14,0.333,0.189,0
64,39476.75,5602.97,23150.34,12,0,1,4,0.142,0.586,0
36,10714.15,26575.53,1000.0,20,3,8,6,2.48,0.093,1
47,40168.78,14711.97,1000.0,16,0,1,6,0.366,0.025,0
28,56898.9,1714.97,1000.0,7,2,1,26,0.03,0.018,0
45,55239.01,21802.15,23109.6,0,0,3,24,0.395,0.418,0
37,24897.85,13011.5,14183.99,28,3,5,21,0.523,0.57,1
49,42976.08,0.0,12560.53,24,2,13,12,0.0,0.292,0
28,103693.48,18324.68,12972.54,25,1,12,16,0.177,0.125,0
35,25334.62,25065.96,2910.53,26,1,9,12,0.989,0.115,1
47,63214.47,27821.36,14523.16,2,0,11,25,0.44,0.23,0
27,10000.0,11216.48,1000.0,15,0,10,8,1.122,0.1,1
23,67275.84,16453.18,34251.69,27,3,2,4,0.245,0.509,0
49,32153.49,15505.36,40307.96,1,3,12,38,0.482,1.254,1
64,58041.77,29898.03,1000.0,14,1,12,32,0.515,0.017,0
44,24169.49,6895.11,14370.44,0,0,1,3,0.285,0.595,1
23,55817.06,10353.41,15151.86,8,0,1,27,0.185,0.271,0
40,31826.99,6652.8,17906.19,15,1,8,25,0.209,0.563,0
35,35699.04,508.49,32018.37,3,2,10,3,0.014,0.897,1
45,58839.72,17477.87,14405.47,11,1,10,15,0.297,0.245,0
50,41392.29,31012.98,18940.98,0,1,10,36,0.749,0.458,1
34,57607.63,13015.16,55748.66,0,4,2,21,0.226,0.968,1
27,46183.17,6181.03,18664.49,6,3,13,35,0.134,0.404,0
37,51349.87,16868.6,41194.88,17,1,9,37,0.329,0.802,0
64,58901.73,20891.18,26023.85,22,3,9,34,0.355,0.442,0
40,42999.63,13436.37,13355.49,27,3,2,24,0.312,0.311,0
56,30079.0,29035.35,11351.19,22,2,3,7,0.965,0.377,1
29,39353.75,6876.38,19912.73,14,2,2,16,0.175,0.506,0
58,73902.78,12130.3,6482.32,25,3,6,17,0.164,0.088,0
42,52323.46,17959.88,9633.61,29,4,7,11,0.343,0.184,0
22,33102.03,18929.64,14923.27,24,2,12,32,0.572,0.451,0
44,58031.21,15472.28,23520.12,12,5,6,22,0.267,0.405,0
28,59366.31,2215.8,41911.97,15,3,3,11,0.037,0.706,0
31,60399.98,38380.11,14180.55,6,1,12,10,0.635,0.235,0
33,30443.26,12640.3,25538.22,15,0,3,12,0.415,0.839,1
37,36352.18,16102.68,1000.0,12,1,12,34,0.443,0.028,0
28,36463.42,21167.61,32723.46,13,2,2,26,0.581,0.897,1
41,42787.04,8634.95,1000.0,16,0,2,24,0.202,0.023,0
38,60778.38,15569.26,29580.64,11,4,11,39,0.256,0.487,0
50,55923.7,8228.1,19028.9,28,1,12,2,0.147,0.34,0
38,57504.34,19155.51,18552.16,23,4,5,24,0.333,0.323,0
51,77080.38,12239.77,16396.82,23,0,11,9,0.159,0.213,0
58,63777.82,17687.19,4384.97,19,2,11,16,0.277,0.069,0
52,47163.97,4534.63,5020.75,12,2,8,2,0.096,0.106,0
31,26322.3,6710.84,30038.24,23,0,6,21,0.255,1.141,1
45,35709.06,1348.59,20143.24,19,2,9,37,0.038,0.564,0
53,44765.9,7894.7,16309.32,14,1,11,13,0.176,0.364,0
58,66582.6,0.0,25320.78,23,3,5,26,0.0,0.38,0
61,49453.36,11929.0,21215.72,20,3,10,19,0.241,0.429,0
28,36876.08,9657.6,10484.82,3,1,4,17,0.262,0.284,1
31,35342.14,16509.11,49531.95,21,0,9,12,0.467,1.401,1
42,48608.44,15446.08,28889.08,1,2,12,5,0.318,0.594,1
44,67799.75,27570.8,21524.82,27,1,10,9,0.407,0.317,0
61,81820.39,40943.1,13836.66,17,2,11,36,0.5,0.169,0
37,45884.63,26375.39,31433.12,1,1,14,28,0.575,0.685,1
32,49105.14,10468.92,10549.19,24,0,5,5,0.213,0.215,0
52,25721.17,10066.09,9538.7,14,0,1,38,0.391,0.371,0
35,88783.85,23686.63,40319.91,29,2,5,10,0.267,0.454,0
36,21979.94,0.0,20368.1,25,0,5,24,0.0,0.927,0
42,73433.25,11847.97,10839.81,18,2,5,29,0.161,0.148,0
48,42693.28,12618.47,20068.23,14,1,13,19,0.296,0.47,0
40,38012.67,20841.31,30202.24,25,3,2,36,0.548,0.795,1
53,27799.93,21138.66,27455.05,19,1,13,15,0.76,0.988,1
30,98200.97,7554.39,31691.15,9,1,6,30,0.077,0.323,0
60,54429.83,10856.27,5005.33,27,0,5,28,0.199,0.092,0
52,50425.61,19451.04,31389.79,23,1,2,5,0.386,0.622,0
53,67734.65,7010.79,17851.29,19,0,12,28,0.104,0.264,0
22,36983.35,27061.18,21069.21,10,1,10,31,0.732,0.57,1
53,50036.92,21091.75,34513.93,25,1,14,8,0.422,0.69,1
53,51126.73,16715.1,28432.71,9,1,8,36,0.327,0.556,0
61,39757.09,18909.41,24212.63,28,0,6,22,0.476,0.609,1
33,73992.76,10331.09,1000.0,22,1,11,15,0.14,0.014,0
50,45626.91,8737.09,19453.98,4,3,10,17,0.191,0.426,0
53,18937.36,10752.78,10583.9,8,2,12,18,0.568,0.559,1
33,43970.05,19999.67,28532.54,19,3,11,1,0.455,0.649,1
46,54983.57,17010.15,31891.5,18,0,3,9,0.309,0.58,0
42,32130.14,10772.86,16375.63,12,2,9,11,0.335,0.51,1
59,33708.1,22495.82,11995.5,17,2,13,17,0.667,0.356,1
22,39074.82,13260.54,38675.61,16,2,11,18,0.339,0.99,1
58,74424.71,8066.89,12762.23,26,2,11,37,0.108,0.171,0
59,40256.84,17543.42,5665.55,5,6,14,36,0.436,0.141,1
46,78582.34,4869.7,10007.95,9,2,4,26,0.062,0.127,0
35,37700.99,0.0,13340.01,1,2,3,13,0.0,0.354,0
54,56500.28,14948.95,9663.64,23,0,7,33,0.265,0.171,0
62,41075.15,8425.86,30144.7,5,1,12,1,0.205,0.734,0
64,65081.66,12458.46,1000.0,27,2,13,32,0.191,0.015,0
60,27634.52,5332.67,9409.28,27,1,14,18,0.193,0.34,0
31,64857.19,27089.32,19430.03,20,4,8,26,0.418,0.3,0
23,52277.39,8385.07,22522.95,12,1,7,29,0.16,0.431,0
26,37200.16,10680.01,40302.02,17,1,1,6,0.287,1.083,1
29,46675.57,18778.83,38542.85,6,1,1,26,0.402,0.826,1
26,80677.1,1233.86,1000.0,1,1,13,20,0.015,0.012,0
29,52756.89,494.5,1000.0,28,4,5,6,0.009,0.019,0
59,35945.44,18809.53,20299.66,13,0,14,24,0.523,0.565,1
51,25906.13,10550.52,11921.78,4,0,8,37,0.407,0.46,1
52,60108.09,5985.05,5695.68,17,1,14,17,0.1,0.095,0
61,53916.9,21033.73,20193.45,10,2,10,32,0.39,0.375,0
32,63900.41,6880.78,22768.37,9,3,11,32,0.108,0.356,0
28,20755.51,12254.88,9932.38,10,0,3,31,0.59,0.479,0
28,26554.79,6038.7,12510.98,26,2,8,24,0.227,0.471,0
48,72937.58,18034.37,10855.5,1,0,3,13,0.247,0.149,0
40,56626.83,28320.76,15062.11,14,2,4,37,0.5,0.266,0
27,60668.02,0.0,26497.33,6,2,10,37,0.0,0.437,0
31,30746.26,16126.58,7065.13,8,1,7,3,0.525,0.23,0
40,30380.26,23565.88,12311.78,4,2,3,17,0.776,0.405,1
36,69825.17,10785.22,15208.61,6,2,4,9,0.154,0.218,0
24,70767.55,3689.58,19918.97,19,0,8,34,0.052,0.281,0
26,28233.61,19209.64,23311.81,1,3,4,34,0.68,0.826,1
42,24412.59,25016.54,44507.09,2,1,9,39,1.025,1.823,1
46,47828.14,23905.22,26865.51,1,2,4,22,0.5,0.562,1
23,34013.03,18659.09,27151.18,20,1,13,24,0.549,0.798,1
61,33596.46,15979.14,16800.64,21,2,14,0,0.476,0.5,1
62,24972.44,6009.87,8241.61,22,2,4,17,0.241,0.33,0
34,40631.32,23652.45,13661.43,18,5,13,14,0.582,0.336,1
31,26906.11,23099.57,11476.01,3,2,5,24,0.859,0.427,1
38,28091.98,3619.42,24706.77,23,1,1,31,0.129,0.879,0
32,55967.84,18644.8,1000.0,19,3,7,19,0.333,0.018,0
43,48896.04,21528.24,27110.4,6,0,9,16,0.44,0.554,0
32,59697.57,23821.14,18593.12,27,2,12,10,0.399,0.311,0
33,17019.33,14250.1,28800.18,21,1,9,12,0.837,1.692,1
45,50197.61,6424.32,11313.1,6,3,1,24,0.128,0.225,0
39,91512.75,9978.84,9183.56,16,1,6,19,0.109,0.1,0
56,42554.55,4927.5,15119.98,18,0,3,24,0.116,0.355,0
28,66494.98,14489.39,14832.21,21,0,4,30,0.218,0.223,0
49,66320.14,12531.15,29676.18,15,0,8,0,0.189,0.447,0
52,67303.97,36450.36,29561.66,2,0,4,15,0.542,0.439,1
64,53333.23,23946.77,42860.28,14,0,8,27,0.449,0.804,0
38,61321.72,24695.48,14054.09,13,0,4,20,0.403,0.229,0
26,63980.27,19713.52,1000.0,14,3,9,29,0.308,0.016,0
38,62708.92,11326.82,15086.93,13,2,6,2,0.181,0.241,0
39,27651.64,12246.1,22767.9,6,5,1,33,0.443,0.823,1
42,15852.31,13161.31,28574.37,24,0,13,5,0.83,1.803,1
57,18928.33,16882.33,23643.25,2,0,10,28,0.892,1.249,1
52,44596.8,18891.7,14044.67,29,1,2,2,0.424,0.315,0
61,61878.53,15007.09,40569.97,16,0,7,32,0.243,0.656,0
23,27911.77,12094.02,7595.17,9,2,10,10,0.433,0.272,1
48,68479.41,9058.84,16704.26,14,1,7,4,0.132,0.244,0
30,39954.5,1073.51,7041.08,28,1,3,31,0.027,0.176,0
55,40144.9,27833.79,20234.92,5,3,1,17,0.693,0.504,1
49,33277.86,37055.3,39068.07,27,2,8,19,1.114,1.174,1
35,12304.27,26993.37,18308.89,16,1,13,38,2.194,1.488,1
53,54586.28,2409.34,18382.4,16,1,13,39,0.044,0.337,0
27,84253.35,22870.17,1000.0,13,2,10,27,0.271,0.012,0
32,48746.71,25237.76,16556.09,23,1,14,12,0.518,0.34,0
50,12987.37,10965.62,33805.84,24,1,11,25,0.844,2.603,1
41,65606.86,19889.27,16997.17,17,0,11,15,0.303,0.259,0
51,17504.04,10436.97,16186.52,24,1,10,24,0.596,0.925,1
44,25819.31,30289.29,33268.57,4,1,7,9,1.173,1.289,1
40,45233.24,18653.71,16237.23,28,0,10,28,0.412,0.359,0
57,52456.87,5828.45,35504.64,7,2,8,37,0.111,0.677,0
24,29826.72,21698.08,4584.32,6,1,1,19,0.727,0.154,1
48,44453.68,25587.81,28134.25,22,2,14,25,0.576,0.633,0
64,64303.25,16981.32,39755.95,3,1,3,31,0.264,0.618,0
40,67043.58,19794.42,32094.28,17,1,13,38,0.295,0.479,0
44,75029.13,14302.47,1000.0,4,4,2,37,0.191,0.013,0
52,88188.37,3657.2,12340.36,15,1,1,23,0.041,0.14,0
61,66197.79,13482.66,17096.58,13,1,5,30,0.204,0.258,0
56,45665.27,20230.4,32119.47,26,3,3,39,0.443,0.703,1
54,67186.28,13719.73,4020.58,26,0,10,11,0.204,0.06,0
56,59334.32,23007.65,7772.76,18,2,8,35,0.388,0.131,0
22,60127.34,11078.18,1000.0,13,2,6,9,0.184,0.017,0
35,53544.38,11734.09,10090.4,8,1,10,5,0.219,0.188,0
54,31758.92,23311.2,4980.72,5,0,14,6,0.734,0.157,1
56,29438.07,17218.53,39174.87,16,0,9,30,0.585,1.331,1
26,48057.64,10882.78,12231.47,18,2,9,26,0.226,0.255,0
59,52978.2,25338.05,28291.1,11,1,11,7,0.478,0.534,1
62,36411.18,8112.64,20215.63,3,1,6,2,0.223,0.555,1
32,58466.84,7730.51,20047.54,15,1,2,39,0.132,0.343,0
23,91615.32,0.0,12902.67,24,2,9,20,0.0,0.141,0
38,15113.39,9460.31,29240.27,10,1,2,0,0.626,1.935,1
60,61644.89,28087.17,21852.13,21,1,3,14,0.456,0.354,0
41,48680.51,0.0,21160.93,3,2,6,6,0.0,0.435,0
35,59013.11,5480.8,12878.95,16,0,2,14,0.093,0.218,0
53,41385.71,19390.69,14842.69,7,3,5,24,0.469,0.359,0
55,47078.8,0.0,27066.93,13,3,2,2,0.0,0.575,0
46,52590.01,9893.01,22760.67,26,1,12,29,0.188,0.433,0
28,43967.32,26408.63,21481.67,1,0,4,13,0.601,0.489,1
56,19589.17,35430.26,10951.49,10,1,11,3,1.809,0.559,1
50,45321.7,17902.47,43329.29,10,2,11,35,0.395,0.956,1
43,21671.33,5735.33,14243.52,23,2,3,2,0.265,0.657,1
62,63063.86,5398.71,19636.97,21,1,5,4,0.086,0.311,0
64,12689.1,16449.08,17755.6,23,4,6,24,1.296,1.399,1
34,70573.09,17809.63,43456.53,5,3,13,30,0.252,0.616,1
34,58591.26,33579.29,16510.22,20,4,7,10,0.573,0.282,1
22,58667.77,24708.05,15411.9,20,2,10,7,0.421,0.263,0
57,10000.0,15841.06,21419.73,13,1,8,25,1.584,2.142,1
25,43428.01,11647.93,11677.51,29,0,9,1,0.268,0.269,0
58,73071.27,45147.12,21339.2,9,2,14,27,0.618,0.292,0
61,39627.84,21265.95,48459.24,25,2,4,9,0.537,1.223,1
34,28438.76,8312.48,23596.35,26,2,4,38,0.292,0.83,0
59,37266.6,12753.77,23158.95,7,0,7,36,0.342,0.621,0
45,48634.45,6225.45,11385.14,6,0,12,38,0.128,0.234,0
40,32972.59,0.0,40510.49,7,1,10,20,0.0,1.229,1
22,74676.34,18126.51,43268.39,27,2,10,27,0.243,0.579,0
59,48706.65,32824.54,30232.16,7,6,11,37,0.674,0.621,1
26,38888.61,0.0,27846.0,22,2,9,32,0.0,0.716,0
37,23973.13,15552.63,17182.82,1,0,11,10,0.649,0.717,1
45,59688.93,7930.95,24696.05,26,0,2,0,0.133,0.414,0
48,59233.33,20215.03,9978.11,15,3,13,32,0.341,0.168,0
22,34155.82,13276.7,6486.63,8,1,11,2,0.389,0.19,0
55,10000.0,1399.45,2151.68,12,2,6,25,0.14,0.215,0
57,58215.24,5188.96,24928.09,22,2,10,14,0.089,0.428,0
25,46263.93,6696.99,3459.51,11,1,10,13,0.145,0.075,0
21,56721.42,28443.18,14004.38,26,2,8,22,0.501,0.247,0
60,89143.49,27932.59,19265.25,21,8,13,7,0.313,0.216,0
32,49463.36,11886.52,31943.48,24,1,5,35,0.24,0.646,0
56,39723.23,27278.03,13061.36,28,3,5,19,0.687,0.329,1
43,27053.56,13268.16,33359.27,16,1,8,5,0.49,1.233,1
51,43751.56,11733.37,31269.91,26,2,1,32,0.268,0.715,0
31,53211.55,15571.18,7144.3,1,0,6,27,0.293,0.134,0
30,51066.15,17848.25,33473.91,12,1,10,37,0.35,0.656,0
23,84469.31,9445.55,16597.03,0,3,13,29,0.112,0.196,0
34,59981.71,15218.66,14012.59,25,0,9,16,0.254,0.234,0
36,47303.98,22873.23,16647.76,27,3,12,8,0.484,0.352,0
30,35868.79,16295.4,19957.93,18,0,6,27,0.454,0.556,0
49,55333.46,15427.83,15019.46,10,1,7,6,0.279,0.271,0
30,31859.84,19941.8,9923.7,4,2,4,27,0.626,0.311,1
32,53596.62,21667.06,10984.93,0,0,12,16,0.404,0.205,0
50,59748.28,14373.84,21667.31,19,0,10,39,0.241,0.363,0
61,45670.96,10258.19,18074.44,29,3,1,4,0.225,0.396,0
21,37394.27,16892.03,26327.72,12,1,9,4,0.452,0.704,1
25,10000.0,0.0,20628.35,7,4,12,13,0.0,2.063,1
40,72876.73,12896.78,20924.17,5,0,6,5,0.177,0.287,0
28,58066.01,0.0,27113.75,28,2,3,6,0.0,0.467,0
63,58552.35,0.0,37027.02,16,2,4,16,0.0,0.632,0
32,18772.95,0.0,37508.27,11,1,10,8,0.0,1.998,1
21,77596.77,25473.52,36084.88,0,2,12,30,0.328,0.465,0
40,40695.66,15139.82,30445.39,2,5,6,21,0.372,0.748,1
48,44224.09,2379.51,45024.93,13,1,6,8,0.054,1.018,1
63,28614.26,19910.66,25253.89,25,2,12,15,0.696,0.883,1
57,14261.09,24886.54,23906.55,7,0,9,35,1.745,1.676,1
57,73146.93,20084.86,46927.06,10,1,4,33,0.275,0.642,0
32,75731.95,13112.9,1000.0,26,2,5,12,0.173,0.013,0
57,46689.44,17324.87,17433.24,13,3,5,18,0.371,0.373,1
64,36412.31,24014.97,35029.95,7,2,3,11,0.66,0.962,1
48,42459.12,10307.54,31763.16,28,1,2,35,0.243,0.748,0
35,43007.7,15298.67,50787.82,2,0,8,9,0.356,1.181,1
26,26002.81,12428.07,21289.83,6,1,10,15,0.478,0.819,1
64,44154.9,0.0,14830.19,27,2,9,27,0.0,0.336,0
40,53062.04,24165.68,16014.98,18,1,10,18,0.455,0.302,0
34,70363.14,35572.72,23816.82,3,1,11,39,0.506,0.338,0
22,50284.88,6262.05,39459.77,24,0,13,5,0.125,0.785,0
29,18472.97,24626.8,39609.69,15,1,9,3,1.333,2.144,1
57,57070.96,6580.06,19327.82,12,2,14,29,0.115,0.339,0
40,44881.39,16327.88,23036.1,19,2,5,38,0.364,0.513,0
46,77408.19,30080.12,12660.78,18,1,11,30,0.389,0.164,0
49,78589.16,9795.61,13913.41,4,2,9,26,0.125,0.177,0
21,79289.09,14853.14,32555.09,22,2,4,20,0.187,0.411,0
55,38768.24,0.0,39226.54,4,1,2,36,0.0,1.012,0
26,89797.1,8357.96,11632.6,19,0,3,8,0.093,0.13,0
57,57018.85,0.0,22915.48,23,2,1,34,0.0,0.402,0
25,82527.61,19291.78,17083.06,3,1,5,20,0.234,0.207,0
53,39947.61,23316.38,30366.46,1,2,1,16,0.584,0.76,1
34,44028.07,12783.65,15337.81,25,0,12,23,0.29,0.348,0
32,55480.55,17858.87,1000.0,12,1,11,30,0.322,0.018,0
62,53037.55,11742.7,32044.29,29,1,1,5,0.221,0.604,0
40,75096.24,22405.45,16358.2,15,1,14,34,0.298,0.218,0
44,45357.41,16294.62,17606.68,21,1,11,36,0.359,0.388,0
63,73292.3,0.0,25227.06,1,0,11,12,0.0,0.344,0
54,64644.69,24399.81,24234.0,18,3,13,24,0.377,0.375,0
45,45732.16,11104.57,25473.46,16,1,7,31,0.243,0.557,0
49,63093.53,2296.21,1000.0,4,1,2,0,0.036,0.016,0
59,40534.7,10610.66,26675.71,24,2,8,34,0.262,0.658,0
51,97004.12,0.0,1000.0,17,1,6,18,0.0,0.01,0
63,10000.0,2501.11,29234.78,27,1,4,11,0.25,2.923,1
43,63458.86,16429.5,33420.58,22,0,9,39,0.259,0.527,0
64,14708.08,17267.12,3577.76,20,1,10,39,1.174,0.243,1
58,45486.87,18064.39,23941.2,17,1,8,19,0.397,0.526,0
40,48287.84,15032.1,32686.15,7,2,13,32,0.311,0.677,1
43,80152.67,8071.35,14611.96,26,5,10,28,0.101,0.182,0
36,36156.96,14455.41,28083.64,14,1,3,15,0.4,0.777,1
62,76160.24,10627.93,1000.0,12,6,3,13,0.14,0.013,0
28,26423.67,0.0,33178.35,12,1,4,6,0.0,1.256,1
41,76933.39,7275.85,20359.93,15,0,14,5,0.095,0.265,0
21,40513.09,23895.41,16906.05,21,2,9,20,0.59,0.417,1
28,51468.69,30882.94,31808.5,19,2,9,35,0.6,0.618,0
49,43272.43,21512.75,40751.48,12,2,5,21,0.497,0.942,1
52,75647.27,30436.98,25828.59,19,1,12,39,0.402,0.341,0
58,71754.8,15853.89,39304.57,1,2,9,18,0.221,0.548,0
25,58870.03,32423.76,1360.6,2,4,6,24,0.551,0.023,0
42,26962.63,35544.88,27991.39,14,3,8,2,1.318,1.038,1
54,35699.56,0.0,18415.95,22,3,11,35,0.0,0.516,0
21,29428.47,17214.93,10541.37,18,0,8,33,0.585,0.358,0
46,10000.0,15864.3,1000.0,12,1,12,10,1.586,0.1,1
63,75226.36,10758.96,27341.44,4,2,10,26,0.143,0.363,0
30,43443.53,19919.16,30503.48,25,1,7,1,0.459,0.702,0
50,43230.12,15411.25,36104.27,21,2,4,5,0.356,0.835,1
38,79922.04,7645.51,34117.89,5,2,4,1,0.096,0.427,0
37,40480.23,14733.95,10739.48,13,0,6,16,0.364,0.265,0
46,33190.58,27045.95,35488.47,3,3,14,39,0.815,1.069,1
28,45505.09,16825.38,36756.17,21,2,9,13,0.37,0.808,1
60,27346.62,21269.55,16880.19,18,1,7,9,0.778,0.617,1
32,56887.12,12229.47,20341.14,22,3,5,32,0.215,0.358,0
47,42526.76,19520.64,8790.15,6,1,5,11,0.459,0.207,0
28,39854.57,2907.85,37770.64,3,4,8,31,0.073,0.948,1
45,38121.94,10002.8,1858.55,1,0,6,23,0.262,0.049,0
24,47875.57,13973.31,26419.65,26,0,1,13,0.292,0.552,0
53,51669.62,2236.64,12838.05,6,5,1,4,0.043,0.248,0
21,39600.5,6697.83,6705.77,2,0,9,4,0.169,0.169,0
39,42824.68,18131.12,1000.0,14,1,8,31,0.423,0.023,0
51,48369.54,16298.32,17415.13,0,1,6,32,0.337,0.36,0
36,46351.64,23063.65,4824.98,1,1,13,3,0.498,0.104,0
34,50621.52,8994.89,20677.03,9,1,1,29,0.178,0.408,0
25,36466.58,15576.02,41232.05,15,2,14,16,0.427,1.131,1
61,70091.86,8281.33,22394.09,24,2,2,2,0.118,0.319,0
46,51936.56,22061.29,43967.37,27,0,10,12,0.425,0.847,0
48,39923.06,26907.46,8212.72,14,0,3,35,0.674,0.206,0
22,56887.68,19833.25,4628.71,23,3,10,17,0.349,0.081,0
26,48512.63,25611.94,7675.81,14,0,12,22,0.528,0.158,0
29,15323.47,15325.0,19218.79,13,0,3,34,1.0,1.254,1
53,56819.05,23055.94,52675.38,21,1,2,32,0.406,0.927,0
61,29609.88,15754.18,1000.0,13,3,12,35,0.532,0.034,0
45,68688.56,4750.72,27435.96,5,2,2,16,0.069,0.399,0
33,45165.01,17467.21,11600.42,13,1,6,38,0.387,0.257,0
29,65601.41,5047.03,17314.36,16,0,7,33,0.077,0.264,0
33,37395.63,38391.29,4903.76,17,2,4,11,1.027,0.131,1
51,51398.59,11659.12,30549.66,19,0,1,4,0.227,0.594,0
61,74204.87,21450.38,19472.9,18,0,6,39,0.289,0.262,0
31,44619.67,14875.87,33049.44,29,1,7,26,0.333,0.741,0
24,38183.66,2663.87,22102.94,16,0,4,39,0.07,0.579,0
54,63100.81,0.0,1000.0,15,3,6,12,0.0,0.016,0
58,62713.23,22490.14,33158.51,7,1,9,25,0.359,0.529,0
24,39025.02,30493.41,1000.0,6,1,4,13,0.781,0.026,0
58,10290.78,7651.96,1000.0,19,2,12,31,0.744,0.097,1
39,37799.54,0.0,8993.57,27,1,14,10,0.0,0.238,0
26,63547.19,11748.37,9153.73,11,1,10,37,0.185,0.144,0
54,34499.32,5628.83,36752.26,8,3,4,15,0.163,1.065,1
38,49781.24,8496.84,17946.12,26,1,10,21,0.171,0.36,0
33,36850.3,21103.74,34968.62,13,1,12,15,0.573,0.949,1
61,11356.66,14495.37,13184.99,19,2,5,12,1.276,1.161,1
43,36490.38,6704.92,23811.76,0,1,3,11,0.184,0.653,1
